group;object_id;index;name;req_type;resp_type;unit;description;enum_map
RB485;0x104EB6A;0;rb485.f_grid[2];FLOAT;FLOAT;Hz;Grid phase 3 frequency;
POWER_MNG;0x11F41DB;1;power_mng.schedule[0];STRING;STRING;;;
GRID_MON;0x16109E1;2;grid_mon[0].u_over.time;FLOAT;FLOAT;s;Max. voltage switch-off time level 1;
BATTERY;0x1676FA6;3;battery.cells_stat[3];BATTERY_MODULE_STATISTICS;BATTERY_MODULE_STATISTICS;;;
CS_NEG;0x19C0B60;4;cs_neg[2];FLOAT;FLOAT;;Multiply value of the current sensor 2 by;
BATTERY_PLACEHOLDER;0x2247588;5;battery_placeholder[0].cells_stat[2].u_min.value;FLOAT;FLOAT;;;
ENERGY;0x31A6110;6;energy.e_ext_month;FLOAT;FLOAT;Wh;External month energy;
BATTERY_PLACEHOLDER;0x35E64EA;7;battery_placeholder[0].module_sn[5];STRING;STRING;;Module 5 Serial Number;
HW_TEST;0x39BDE11;8;hw_test.state;UINT8;UINT8;;;
G_SYNC;0x3A39CA2;9;g_sync.p_ac_load[0];FLOAT;FLOAT;W;Load household phase 1;
BATTERY;0x3D9C51F;10;battery.cells_stat[0].u_max.value;FLOAT;FLOAT;;;
OTHERS;0x40385DB;11;common_control_bits;UINT32;UINT32;;Bit coded function;
BATTERY_PLACEHOLDER;0x48C9D69;12;battery_placeholder[0].cells_stat[1].u_min.value;FLOAT;FLOAT;;;
NSM;0x4EAAA98;13;nsm.f_low_entry;FLOAT;FLOAT;Hz;Entry frequency for P(f) under-frequency mode;
FRT;0x528D1D8;14;frt.u_min[2];FLOAT;FLOAT;V;Point 3 voltage;
BATTERY;0x56162CA;15;battery.cells_stat[4].u_min.time;UINT32;UINT32;;;
BATTERY;0x56417DF;16;battery.cells_stat[3].t_max.index;UINT8;UINT8;;;
HW_TEST;0x58F1759;17;hw_test.bt_power[6];FLOAT;FLOAT;;;
LOGGER;0x5C7CFB1;18;logger.day_egrid_load_log_ts;INT32;TIMESERIES;;;
BATTERY;0x64A60FE;19;battery.cells_stat[4].t_max.index;UINT8;UINT8;;;
LOGGER;0x64E4340;20;logger.minutes_ubat_log_ts;INT32;TIMESERIES;V;;
BATTERY;0x6A9FFA2;21;battery.charged_amp_hours;FLOAT;FLOAT;Ah;Total charge flow into battery;
WIFI;0x6E03755;22;wifi.ip;STRING;STRING;;IP Address;
BATTERY_PLACEHOLDER;0x71B5514;23;battery_placeholder[0].cells_stat[3].t_max.index;UINT8;UINT8;;;
RB485;0x7367B64;24;rb485.phase_marker;INT16;INT16;;Next phase after phase 1 in Power Switch;
BATTERY_PLACEHOLDER;0x73C7E5D;25;battery_placeholder[0].max_cell_temperature;FLOAT;FLOAT;;;
BATTERY_PLACEHOLDER;0x74B1EF5;26;battery_placeholder[0].cells_stat[3].u_max.index;UINT8;UINT8;;;
BATTERY;0x77692DE;27;battery.cells_stat[4].u_max.index;UINT8;UINT8;;;
ADC;0x7C61FAD;28;adc.u_ref_1_5v[0];UINT16;UINT16;V;Reference voltage 1;
NET;0x8679611;29;net.id;UINT32;UINT32;;;
BATTERY;0x86C75B0;30;battery.stack_software_version[3];UINT32;UINT32;;Software version stack 3;
HW_TEST;0x875C906;31;hw_test.bt_time[2];FLOAT;FLOAT;;;
BATTERY_PLACEHOLDER;0x8E81725;32;battery_placeholder[0].cells_stat[0].t_max.value;FLOAT;FLOAT;;;
LOGGER;0x95AFAA8;33;logger.minutes_ul3_log_ts;INT32;TIMESERIES;V;;
BATTERY;0x9923C1E;35;battery.cells_stat[3].t_min.index;UINT8;UINT8;;;
G_SYNC;0xA04CA7F;36;g_sync.u_zk_n_avg;FLOAT;FLOAT;V;Negative buffer capacitor voltage;
P_REC;0xAA372CE;37;p_rec_req[1];FLOAT;FLOAT;W;Required battery to grid power;
ACC_CONV;0xAFDD6CF;38;acc_conv.i_acc_lp_fast;FLOAT;FLOAT;A;Battery current;
BATTERY_PLACEHOLDER;0xB94A673;39;battery_placeholder[0].cells_stat[6].t_min.time;UINT32;UINT32;;;
WIFI;0xBA16A10;40;wifi.sockb_protocol;ENUM;ENUM;;Network mode of the unit: 0 = standalone, 1 = master unit, 2 = slave unit;
BATTERY_PLACEHOLDER;0xC2A7286;41;battery_placeholder[0].cells_resist[0];STRING;STRING;;;
NET;0xC3815C2;42;net.load_reduction;FLOAT;FLOAT;;;
ENERGY;0xC588B75;43;energy.e_ext_day_sum;FLOAT;FLOAT;;;
DC_CONV;0xCB5D21B;44;dc_conv.dc_conv_struct[1].p_dc_lp;FLOAT;FLOAT;W;Solar generator B power;
NSM;0xCBA34B9;45;nsm.u_q_u[3];FLOAT;FLOAT;V;High voltage max. point;
OTHERS;0xCC4BDAA;46;detect_phase_shift_enable;BOOL;BOOL;;Enable active island detection;
BATTERY;0xCFA8BC4;47;battery.stack_cycles[1];UINT16;UINT16;;;
OTHERS;0xD658831;48;i_bottom_max;FLOAT;FLOAT;;;
BATTERY;0xDACF21B;49;battery.cells_stat[4];BATTERY_MODULE_STATISTICS;BATTERY_MODULE_STATISTICS;;;
BATTERY_PLACEHOLDER;0xDBD5E77;50;battery_placeholder[0].cells_stat[6].u_min.index;UINT8;UINT8;;;
BATTERY;0xDE3D20D;51;battery.status2;INT32;INT32;;Battery extra status;
LOGGER;0xDF164DE;52;logger.day_eb_log_ts;INT32;TIMESERIES;;;
IO_BOARD;0xDF45696;53;io_board.io1_polarity;BOOL;BOOL;;Inverted signal on input I/O 1;
FLASH_RTC;0xE0505B4;54;flash_rtc.time_stamp_set;UINT32;UINT32;;Set date/time;
BATTERY_PLACEHOLDER;0xE4AA301;55;battery_placeholder[0].cells_stat[6].u_max.index;UINT8;UINT8;;;
IO_BOARD;0xE799A56;56;io_board.rse_table[0];FLOAT;FLOAT;;K4..K1: 0000;
BATTERY_PLACEHOLDER;0xEC64BA7;57;battery_placeholder[0].stack_software_version[3];UINT32;UINT32;;Software version stack 3;
BATTERY;0xEF60C7E;58;battery.cells_stat[3].u_max.value;FLOAT;FLOAT;;;
ENERGY;0xF28E2E1;59;energy.e_ext_total_sum;FLOAT;FLOAT;;;
LOGGER;0xFA29566;60;logger.minutes_ub_log_ts;INT32;TIMESERIES;V;Histogram voltage generator B;
IO_BOARD;0xFB40090;61;io_board.check_rs485_result;UINT8;UINT8;;;
BATTERY_PLACEHOLDER;0x1025B491;62;battery_placeholder[0].maximum_discharge_current;FLOAT;FLOAT;A;Max. discharge current;
NSM;0x10842019;63;nsm.cos_phi_p[3][1];FLOAT;FLOAT;cos(rct_db);Point 4 (positive = overexcited);
NSM;0x1089ACA9;64;nsm.u_q_u[0];FLOAT;FLOAT;V;Low voltage min. point;
OTHERS;0x108FC93D;65;max_phase_shift;FLOAT;FLOAT;degrees;Max. phase shift from 120 position;
ENERGY;0x10970E9D;66;energy.e_ac_month;FLOAT;FLOAT;Wh;Month energy;
POWER_MNG;0x1156DFD0;67;power_mng.battery_power;FLOAT;FLOAT;W;Battery discharge power;
BATTERY;0x120EC3B4;68;battery.cells_stat[4].u_min.index;UINT8;UINT8;;;
ENERGY;0x126ABC86;69;energy.e_grid_load_month;FLOAT;FLOAT;Wh;Month energy grid load;
LOGGER;0x132AA71E;70;logger.minutes_temp2_log_ts;INT32;TIMESERIES;°C;Histogram heat sink (battery actuator) temperature;
BATTERY;0x1348AB07;71;battery.cells[4];BATTERY_MODULE_STATUS;BATTERY_MODULE_STATUS;;;
G_SYNC;0x147E8E26;72;g_sync.p_ac[1];FLOAT;FLOAT;;AC2;
WIFI;0x14C0E627;73;wifi.password;STRING;STRING;;WiFi password;
NSM;0x14FCA232;74;nsm.rpm_lock_out_power;FLOAT;FLOAT;P/Pn;Reactive Power Mode lock-out power;
POWER_MNG;0x15AB1A61;75;power_mng.schedule[2];STRING;STRING;;;
BATTERY;0x162491E8;76;battery.module_sn[5];STRING;STRING;;Module 5 Serial Number;
BATTERY_PLACEHOLDER;0x1639B2D8;77;battery_placeholder[0].cells_stat[4].u_max.index;UINT8;UINT8;;;
BATTERY;0x16A1F844;78;battery.bms_sn;STRING;STRING;;BMS Serial Number;
DB;0x16AF2A92;79;db.power_board.Current_Mean;FLOAT;FLOAT;;;
ADC;0x16B28CCA;80;adc.u_ref_1_5v[1];UINT16;UINT16;V;Reference voltage 2;
PARTITION;0x16ED8F8F;81;partition[1].last_id;INT32;INT32;;;
RB485;0x173D81E4;82;rb485.version_boot;UINT32;UINT32;;Power Switch bootloader version;
BATTERY_PLACEHOLDER;0x1781CD31;83;battery_placeholder[0].soh;FLOAT;FLOAT;;SOH (State of Health);
DB;0x17E3AF97;84;db.power_board.adc_p9V_meas;FLOAT;FLOAT;;;
BATTERY_PLACEHOLDER;0x18469762;85;battery_placeholder[0].cells_stat[0].u_max.value;FLOAT;FLOAT;;;
BATTERY_PLACEHOLDER;0x18BD807D;86;battery_placeholder[0].cells_stat[4].t_min.index;UINT8;UINT8;;;
BATTERY;0x18D1E9E0;87;battery.cells_stat[5].u_max.index;UINT8;UINT8;;;
BATTERY;0x18F98B6D;88;battery.cells_stat[3].u_min.value;FLOAT;FLOAT;;;
OTHERS;0x19608C98;89;partition[3].last_id;INT32;INT32;;;
LOGGER;0x19B814F2;90;logger.year_egrid_feed_log_ts;INT32;TIMESERIES;;;
P_REC;0x1ABA3EE8;91;p_rec_req[0];FLOAT;FLOAT;W;Required compensation power;
G_SYNC;0x1AC87AA0;92;g_sync.p_ac_load_sum_lp;FLOAT;FLOAT;W;Load household - external Power;
BATTERY;0x1B39A3A3;93;battery.bms_power_version;UINT32;UINT32;;Software version BMS Power;
IO_BOARD;0x1B5445C4;94;io_board.check_rse_result;UINT16;UINT16;;;
ENERGY;0x1BFA5A33;95;energy.e_grid_load_total_sum;FLOAT;FLOAT;;;
OTHERS;0x1C4A665F;96;grid_pll[0].f;FLOAT;FLOAT;Hz;Grid frequency;
WIFI;0x1D0623D6;97;wifi.dns_address;STRING;STRING;;DNS address;
POWER_MNG;0x1D2994EA;98;power_mng.soc_charge_power;FLOAT;FLOAT;W;Maintenance charge power;
LOGGER;0x1D49380A;99;logger.minutes_eb_log_ts;INT32;TIMESERIES;;;
BATTERY_PLACEHOLDER;0x1D83D2A5;100;battery_placeholder[0].cells[4];STRING;STRING;;;
BATTERY_PLACEHOLDER;0x1E0EB397;101;battery_placeholder[0].cells_stat[6].u_max.value;FLOAT;FLOAT;;;
BATTERY;0x1E5FCA70;102;battery.maximum_charge_current;FLOAT;FLOAT;A;Max. charge current;
BATTERY_PLACEHOLDER;0x1F44C23A;103;battery_placeholder[0].cells_stat[1].t_min.index;UINT8;UINT8;;;
BATTERY;0x1F73B6A4;104;battery.cells_stat[3].t_max.time;UINT32;UINT32;;;
DB;0x1F9CBBF2;105;db.power_board.Calibr_Value_Mean;FLOAT;FLOAT;;;
BATTERY_PLACEHOLDER;0x1FA192E3;106;battery_placeholder[0].cells_resist[4];STRING;STRING;;;
BATTERY_PLACEHOLDER;0x1FB3A602;107;battery_placeholder[0].cells_stat[2].t_max.value;FLOAT;FLOAT;;;
SWITCH_ON_COND;0x1FEB2F67;108;switch_on_cond.u_min;FLOAT;FLOAT;;Min. voltage;
HW_TEST;0x2082BFB6;109;hw_test.bt_time[9];FLOAT;FLOAT;;;
BATTERY_PLACEHOLDER;0x20A3A91F;110;battery_placeholder[0].module_sn[4];STRING;STRING;;Module 4 Serial Number;
PRIM_SM;0x20FD4419;111;prim_sm.island_next_repeat_timeout;FLOAT;FLOAT;s;Next island trial timeout;
LOGGER;0x21879805;112;logger.minutes_eac1_log_ts;INT32;TIMESERIES;;;
BATTERY;0x21961B58;113;battery.current;FLOAT;FLOAT;A;Battery current;
ENERGY;0x21E1A802;114;energy.e_dc_month_sum[1];FLOAT;FLOAT;;;
RB485;0x21EE7CBB;115;rb485.u_l_grid[2];FLOAT;FLOAT;V;Grid phase 3 voltage;
FLASH_RTC;0x2266DCB8;116;flash_rtc.rtc_mcc_quartz_max_diff;FLOAT;FLOAT;ppm;Maximum allowed quartz frequency difference between RTC and Microcontroller;
DC_CONV;0x226A23A4;117;dc_conv.dc_conv_struct[0].u_target;FLOAT;FLOAT;V;MPP on input A;
BATTERY_PLACEHOLDER;0x2295401F;118;battery_placeholder[0].cells_stat[3].u_max.time;UINT32;UINT32;;;
FRT;0x22CC80C6;119;frt.u_min_end;FLOAT;FLOAT;V;FRT end undervoltage threshold;
FAULT;0x234B4736;120;fault[1].flt;UINT32;UINT32;;Error bit field 2;
SWITCH_ON_COND;0x234DD4DF;121;switch_on_cond.f_min;FLOAT;FLOAT;;Min. frequency;
BATTERY_PLACEHOLDER;0x235E0DF5;122;battery_placeholder[0].stack_software_version[1];UINT32;UINT32;;Software version stack 1;
FRT;0x236D2178;123;frt.t_min[1];FLOAT;FLOAT;s;Point 2 time;
BATTERY_PLACEHOLDER;0x23D4A386;124;battery_placeholder[0].cells_stat[0];STRING;STRING;;;
BATTERY;0x23E55DA0;125;battery.cells_stat[5];BATTERY_MODULE_STATISTICS;BATTERY_MODULE_STATISTICS;;;
NET;0x23F525DE;126;net.command;UINT16;UINT16;;;
G_SYNC;0x24150B85;127;g_sync.u_zk_sum_mov_avg;FLOAT;FLOAT;V;Actual DC link voltage;
BATTERY_PLACEHOLDER;0x241CFA0A;128;battery_placeholder[0].min_cell_temperature;FLOAT;FLOAT;;;
ENERGY;0x241F1F98;129;energy.e_dc_day_sum[1];FLOAT;FLOAT;;;
BATTERY_PLACEHOLDER;0x24AC4CBB;130;battery_placeholder[0].cells_resist[6];STRING;STRING;;;
G_SYNC;0x2545E22D;131;g_sync.u_l_rms[2];FLOAT;FLOAT;V;AC voltage phase 3;
BATTERY;0x257B5945;132;battery.cells_stat[2].u_min.index;UINT8;UINT8;;;
BATTERY;0x257B7612;133;battery.module_sn[3];STRING;STRING;;Module 3 Serial Number;
NSM;0x26260419;134;nsm.cos_phi_p[1][0];FLOAT;FLOAT;P/Pn;Point 2;
BATTERY;0x26363AAE;135;battery.cells_stat[1].t_max.index;UINT8;UINT8;;;
BATTERY;0x265EACF6;136;battery.cells_stat[2].t_max.time;UINT32;UINT32;;;
ENERGY;0x26EFFC2F;137;energy.e_grid_feed_year;FLOAT;FLOAT;Wh;Year energy grid feed-in;
OTHERS;0x2703A771;138;cs_struct.is_tuned;BOOL;BOOL;;Current sensors are tuned;
BATTERY_PLACEHOLDER;0x27116260;139;battery_placeholder[0].cells_stat[5].u_min.value;FLOAT;FLOAT;;;
RB485;0x27650FE2;140;rb485.version_main;UINT32;UINT32;;Power Switch software version;
G_SYNC;0x2788928C;141;g_sync.p_ac_load[1];FLOAT;FLOAT;W;Load household phase 2;
G_SYNC;0x27BE51D9;142;g_sync.p_ac_sc[0];FLOAT;FLOAT;W;Grid power phase 1;
BATTERY;0x27C39CEA;143;battery.stack_cycles[6];UINT16;UINT16;;;
ENERGY;0x27C828F4;144;energy.e_grid_feed_total_sum;FLOAT;FLOAT;;;
OTHERS;0x27EC8487;145;performance_free[0];UINT32;UINT32;;;
OTHERS;0x2848A1EE;146;grid_offset;FLOAT;FLOAT;;;
DISPLAY_STRUCT;0x29BDA75F;147;display_struct.brightness;UINT8;UINT8;;Display brightness, [0..255];
IO_BOARD;0x29CA60F8;148;io_board.rse_table[10];FLOAT;FLOAT;;K4..K1: 1010;
BATTERY;0x2A30A97E;149;battery.stack_cycles[5];UINT16;UINT16;;;
LOGGER;0x2A449E89;150;logger.year_log_ts;INT32;TIMESERIES;;;
BATTERY;0x2AACCAA7;151;battery.max_cell_voltage;FLOAT;FLOAT;;;
ENERGY;0x2AE703F2;152;energy.e_dc_day[0];FLOAT;FLOAT;Wh;Solar generator A day energy;
BATTERY;0x2BC1E72B;153;battery.discharged_amp_hours;FLOAT;FLOAT;Ah;Total charge flow from battery;
NET;0x2E06172D;154;net.net_tunnel_id;UINT32;UINT32;;;
IO_BOARD;0x2E0C6220;155;io_board.home_relay_sw_off_delay;FLOAT;FLOAT;s;Switching off delay;
BATTERY_PLACEHOLDER;0x2E9F3C50;156;battery_placeholder[0].cells_stat[0].t_max.index;UINT8;UINT8;;;
DB;0x2ED89924;157;db.power_board.afi_t300;FLOAT;FLOAT;s;AFI 300 mA switching off time;
BATTERY_PLACEHOLDER;0x2ED8A639;158;battery_placeholder[0].cells_stat[2].u_min.time;UINT32;UINT32;;;
LOGGER;0x2F0A6B15;159;logger.month_ea_log_ts;INT32;TIMESERIES;;;
ENERGY;0x2F3C1D7D;160;energy.e_load_day;FLOAT;FLOAT;Wh;Household day energy;
BATTERY_PLACEHOLDER;0x2F84A0A9;161;battery_placeholder[0].cells[2];STRING;STRING;;;
GRID_MON;0x3044195F;162;grid_mon[1].u_under.time;FLOAT;FLOAT;s;Min. voltage switch-off time level 2;
BATTERY_PLACEHOLDER;0x31413485;163;battery_placeholder[0].cells_stat[5].u_min.index;UINT8;UINT8;;;
BATTERY_PLACEHOLDER;0x314C13EB;164;battery_placeholder[0].cells_stat[5].u_max.value;FLOAT;FLOAT;;;
POWER_MNG;0x315D1490;165;power_mng.bat_empty_full;UINT8;UINT8;;Bit 0 - battery was empty, bit 1 - battery was full;
MODBUS;0x31ED1B75;166;modbus.mode;ENUM;ENUM;;RS485 working mode;0=Modbus slave|1=Modbus master
NSM;0x32CD0DB3;167;nsm.cos_phi_p[0][1];FLOAT;FLOAT;cos(Phi);Point 1 (positive = overexcited);
FRT;0x32DCA605;168;frt.u_max[0];FLOAT;FLOAT;V;Point 1 voltage;
BATTERY;0x331D0689;169;battery.cells_stat[2].t_max.value;FLOAT;FLOAT;;;
BATTERY;0x336415EA;170;battery.cells_stat[0].t_max.time;UINT32;UINT32;;;
SWITCH_ON_COND;0x3390CC2F;171;switch_on_cond.test_time_fault;FLOAT;FLOAT;s;Switching on time after any grid fault;
NSM;0x33F76B78;172;nsm.p_u[0][1];FLOAT;FLOAT;V;Point 1 voltage;
BATTERY;0x34A164E7;173;battery.cells_stat[0];BATTERY_MODULE_STATISTICS;BATTERY_MODULE_STATISTICS;;;
BATTERY;0x34E33726;174;battery.cells_stat[2].u_max.index;UINT8;UINT8;;;
LOGGER;0x34ECA9CA;175;logger.year_eb_log_ts;INT32;TIMESERIES;;;
NET;0x3500F1E8;176;net.index;INT8;INT8;;;
BATTERY;0x3503B92D;177;battery.cells_stat[3].u_max.time;UINT32;UINT32;;;
NSM;0x3515F4A0;178;nsm.p_u[3][1];FLOAT;FLOAT;V;Point 4 voltage;
NSM;0x360BDE8A;179;nsm.startup_grad;FLOAT;FLOAT;P/(Pn*s);Startup gradient;
NET;0x36214C57;180;net.prev_k;FLOAT;FLOAT;;;
SWITCH_ON_COND;0x362346D4;181;switch_on_cond.max_rnd_test_time_fault;FLOAT;FLOAT;s;Max additional random switching on time after any grid fault;
PRIM_SM;0x3623D82A;182;prim_sm.island_flag;UINT16;UINT16;;Grid-separated;
P_REC;0x365D12DA;183;p_rec_req[2];FLOAT;FLOAT;W;Required Pac;
POWER_MNG;0x36A9E9A6;184;power_mng.use_grid_power_enable;BOOL;BOOL;;Utilize external Inverter energy;
BATTERY_PLACEHOLDER;0x374B5DD6;185;battery_placeholder[0].cells_stat[6].u_min.time;UINT32;UINT32;;;
FAULT;0x37F9D5CA;186;fault[0].flt;UINT32;UINT32;;Error bit field 1;
BATTERY;0x381B8BF9;187;battery.soh;FLOAT;FLOAT;%;SOH (State of Health);
DB;0x383A3614;188;db.power_board.afi_i60;FLOAT;FLOAT;A;AFI 60 mA threshold;
NSM;0x38789061;189;nsm.f_low_rise_grad_storage;FLOAT;FLOAT;1/Pn*Hz;Power rise gradient for P(f) under-frequency mode with battery;
FLASH_RTC;0x3903A5E9;190;flash_rtc.flag_time_auto_switch;BOOL;BOOL;;Automatically adjust clock for daylight saving time;
LOGGER;0x3906A1D0;191;logger.minutes_eext_log_ts;INT32;TIMESERIES;;;
BATTERY_PLACEHOLDER;0x39AD4639;193;battery_placeholder[0].cells_stat[5].u_min.time;UINT32;UINT32;;;
OTHERS;0x3A0EA5BE;194;power_spring_up;FLOAT;FLOAT;;;
GRID_LT;0x3A3050E6;195;grid_lt.threshold;FLOAT;FLOAT;V;Max. voltage;
BATTERY_PLACEHOLDER;0x3A35D491;196;battery_placeholder[0].cells_stat[2].u_max.value;FLOAT;FLOAT;;;
G_SYNC;0x3A444FC6;197;g_sync.s_ac_lp[0];FLOAT;FLOAT;VA;Apparent power phase 1;
BATTERY;0x3A7D5F53;198;battery.cells_stat[1].u_max.value;FLOAT;FLOAT;;;
ENERGY;0x3A873343;199;energy.e_ac_day_sum;FLOAT;FLOAT;;;
ENERGY;0x3A9D2680;200;energy.e_ext_year_sum;FLOAT;FLOAT;;;
NET;0x3AA565FC;201;net.package;UNKNOWN;UNKNOWN;;;
PRIM_SM;0x3AFEF139;202;prim_sm.is_thin_layer;BOOL;BOOL;;Thin-film solar module;
BAT_MNG_STRUCT;0x3B0C6A53;203;bat_mng_struct.profile_pdc_max;STRING;STRING;;;
RB485;0x3B5F6B9D;204;rb485.f_wr[0];FLOAT;FLOAT;Hz;Power Storage phase 1 frequency;
FAULT;0x3B7FCD47;205;fault[2].flt;UINT32;UINT32;;Error bit field 3;
BATTERY;0x3BA1B77B;206;battery.cells_stat[3].t_min.value;FLOAT;FLOAT;;;
OTHERS;0x3C24F3E8;207;inv_struct.cosinus_phi;FLOAT;FLOAT;cos(Phi);;
IO_BOARD;0x3C705F61;208;io_board.rse_table[8];FLOAT;FLOAT;;K4..K1: 1000;
ENERGY;0x3C87C4F5;209;energy.e_grid_feed_day;FLOAT;FLOAT;Wh;Day energy grid feed-in;
HW_TEST;0x3CA8E8D0;210;hw_test.bt_time[0];FLOAT;FLOAT;;;
GRID_MON;0x3CB1EF01;211;grid_mon[0].u_under.threshold;FLOAT;FLOAT;V;Min. voltage level 1;
HW_TEST;0x3D789979;212;hw_test.bt_power[7];FLOAT;FLOAT;;;
IO_BOARD;0x3DBCC6B4;213;io_board.rse_table[6];FLOAT;FLOAT;;K4..K1: 0110;
BAT_MNG_STRUCT;0x3E25C391;214;bat_mng_struct.bat_calib_soc_thresh;FLOAT;FLOAT;;Part of max historical SOC for battery calibration in advance;
GRID_MON;0x3E722B43;215;grid_mon[1].f_under.threshold;FLOAT;FLOAT;Hz;Min. frequency level 2;
OTHERS;0x3E728842;216;power_spring_bat;FLOAT;FLOAT;;;
DB;0x3EFEB931;217;db.power_board.relays_state;UINT16;UINT16;;;
BATTERY;0x3F98F58A;218;battery.cells_stat[5].t_max.index;UINT8;UINT8;;;
G_SYNC;0x400F015B;219;g_sync.p_acc_lp;FLOAT;FLOAT;W;Battery power;
G_SYNC;0x4077335D;220;g_sync.s_ac_lp[1];FLOAT;FLOAT;VA;Apparent power phase 2;
POWER_MNG;0x40B07CA4;968;power_mng.schedule[3]??;STRING;STRING;;;
POWER_MNG;0x40B07CA4;221;power_mng.schedule[6];STRING;STRING;;;
BATTERY;0x40FF01B7;222;battery.cells[6];BATTERY_MODULE_STATUS;BATTERY_MODULE_STATUS;;;
FRT;0x41744E11;223;frt.u_min[0];FLOAT;FLOAT;V;Point 1 voltage;
BATTERY;0x41B11ECF;224;battery.cells_stat[3].u_min.index;UINT8;UINT8;;;
BATTERY;0x428CCF46;225;battery.cells_stat[5].u_min.value;FLOAT;FLOAT;;;
LOGGER;0x431509D1;226;logger.month_eload_log_ts;INT32;TIMESERIES;;;
G_SYNC;0x43257820;227;g_sync.p_ac[0];FLOAT;FLOAT;;AC1;
RB485;0x437B8122;228;rb485.available;BOOL;BOOL;;Power Switch is available;
NSM;0x4397D078;229;nsm.cos_phi_p[1][1];FLOAT;FLOAT;cos(Phi);Point 2 (positive = overexcited);
NSM;0x43CD0B6F;230;nsm.pf_delay;FLOAT;FLOAT;s;Delay time after P(f);
FLASH_PARAM;0x43F16F7E;231;flash_state;UINT16;UINT16;;Flash state;
DB;0x43FF47C3;232;db.power_board.afi_t60;FLOAT;FLOAT;s;AFI 60 mA switching off time;
BATTERY;0x442A3409;233;battery.cells_stat[4].t_min.time;UINT32;UINT32;;;
BATTERY;0x4443C661;234;battery.cells_stat[0].t_max.index;UINT8;UINT8;;;
ENERGY;0x44D4C533;235;energy.e_grid_feed_total;FLOAT;FLOAT;Wh;Total energy grid feed-in;
CAN_BUS;0x4539A6D4;236;can_bus.bms_update_response[0];UINT32;UINT32;;;
BATTERY_PLACEHOLDER;0x465DDB50;237;battery_placeholder[0].cells_stat[2].t_min.value;FLOAT;FLOAT;;;
NET;0x46635546;238;net.n_descendants;INT8;INT8;;Number of descendant slaves;
BATTERY_PLACEHOLDER;0x4686E044;239;battery_placeholder[0].cells_stat[1].u_min.index;UINT8;UINT8;;;
FLASH_PARAM;0x46892579;240;flash_param.write_cycles;UINT32;UINT32;;Write cycles of flash parameters;
BATTERY_PLACEHOLDER;0x46C3625D;241;battery_placeholder[0].cells_stat[2];STRING;STRING;;;
ISO_STRUCT;0x474F80D5;242;iso_struct.Rn;FLOAT;FLOAT;Ohm;Insulation resistance on negative DC input;
BATTERY_PLACEHOLDER;0x4764F9EE;243;battery_placeholder[0].cells_stat[3].t_max.value;FLOAT;FLOAT;;;
POWER_MNG;0x47A1DACA;971;power_mng.schedule[5]??;STRING;STRING;;;
POWER_MNG;0x47A1DACA;244;power_mng.schedule[8];STRING;STRING;;;
G_SYNC;0x485AD749;245;g_sync.u_ptp_rms[1];FLOAT;FLOAT;V;Phase to phase voltage 2;
LOGGER;0x488052BA;246;logger.minutes_ul2_log_ts;INT32;TIMESERIES;V;;
G_SYNC;0x48D73FA5;247;g_sync.i_dr_lp[2];FLOAT;FLOAT;A;Current phase 3 (average);
OTHERS;0x494FE156;248;power_spring_offset;FLOAT;FLOAT;;;
ENERGY;0x495BF0B6;249;energy.e_dc_year_sum[0];FLOAT;FLOAT;;;
OTHERS;0x4992E65A;250;update_is_allowed_id;UINT8;UINT8;;;
NSM;0x4A61BAEE;251;nsm.p_u[3][0];FLOAT;FLOAT;P/Pn;Point 4 P/Pn;
BATTERY_PLACEHOLDER;0x4AAEB0D2;252;battery_placeholder[0].cells_stat[1];STRING;STRING;;;
DC_CONV;0x4AE96C12;253;dc_conv.dc_conv_struct[1].mpp.mpp_step;FLOAT;FLOAT;V;MPP search step on input B;
BATTERY;0x4B51A539;254;battery.prog_sn;STRING;STRING;;;
BUF_V_CONTROL;0x4BC0F974;255;buf_v_control.power_reduction_max_solar;FLOAT;FLOAT;Wp;Solar plant peak power;
ENERGY;0x4BE02BB7;256;energy.e_load_day_sum;FLOAT;FLOAT;;;
CS_NEG;0x4C12C4C7;257;cs_neg[1];FLOAT;FLOAT;;Multiply value of the current sensor 1 by;
LOGGER;0x4C14CC7C;258;logger.year_ea_log_ts;INT32;TIMESERIES;;;
NSM;0x4C2A7CDC;259;nsm.cos_phi_p[2][1];FLOAT;FLOAT;cos(Phi);Point 3 (positive = overexcited);
NSM;0x4C374958;260;nsm.startup_grad_after_fault;FLOAT;FLOAT;P/(Pn*s);Startup gradient after fault;
BATTERY;0x4CB7C0DC;261;battery.min_cell_voltage;FLOAT;FLOAT;;;
BATTERY_PLACEHOLDER;0x4D684EF2;262;battery_placeholder[0].cells[0];STRING;STRING;;;
BATTERY;0x4D985F33;263;battery.cells_stat[5].u_max.value;FLOAT;FLOAT;;;
SWITCH_ON_COND;0x4DB1B91E;264;switch_on_cond.f_max;FLOAT;FLOAT;;Max. frequency;
BATTERY_PLACEHOLDER;0x4DC372A0;265;battery_placeholder[0].cells_stat[4].u_max.value;FLOAT;FLOAT;;;
BATTERY;0x4E04DD55;266;battery.soc_update_since;FLOAT;FLOAT;;;
FLASH_RTC;0x4E0C56F2;267;flash_rtc.rtc_mcc_quartz_ppm_difference;FLOAT;FLOAT;ppm;Quartz frequency difference between RTC and Microcontroller;
HW_TEST;0x4E2B42A4;268;hw_test.bt_power[0];FLOAT;FLOAT;;;
OTHERS;0x4E3CB7F8;269;phase_3_mode;BOOL;BOOL;;3-phase feed in;
G_SYNC;0x4E49AEC5;270;g_sync.p_ac_sum;FLOAT;FLOAT;W;Real power;
BATTERY;0x4E699086;271;battery.module_sn[4];STRING;STRING;;Module 4 Serial Number;
HW_TEST;0x4E77B2CE;272;hw_test.bt_cycle;UINT8;UINT8;;;
LOGGER;0x4E9D95A6;273;logger.year_eext_log_ts;INT32;TIMESERIES;;;
ENERGY;0x4EE8DB78;274;energy.e_load_year_sum;FLOAT;FLOAT;;;
IO_BOARD;0x4F330E08;275;io_board.io2_usage;ENUM;ENUM;;Digital I/O 2 usage;0=I/O not used|1=Input S0 grid power consumption|2=Input S0 grid power feed-in|3=Input S0 household power|4=Output S0 inverter power|5=Input level switch|6=Input emergency turn off|7=Output S0 grid power feed-in|8=Output S0 household power|9=Output S0 solar power|10=Input S0 external power
DB;0x4F735D10;276;db.temp2;FLOAT;FLOAT;°C;Heat sink (battery actuator) temperature;
BATTERY_PLACEHOLDER;0x4FC53F19;277;battery_placeholder[0].module_sn[3];STRING;STRING;;Module 3 Serial Number;
BATTERY_PLACEHOLDER;0x4FEDC1BE;278;battery_placeholder[0].cells_stat[5].t_min.value;FLOAT;FLOAT;;;
BATTERY_PLACEHOLDER;0x4FF8CCE2;279;battery_placeholder[0].stack_software_version[5];UINT32;UINT32;;Software version stack 5;
BATTERY;0x501A162D;280;battery.cells_resist[5];BATTERY_MODULE_RESISTANCE;BATTERY_MODULE_RESISTANCE;;;
BATTERY;0x50514732;281;battery.cells_stat[6].u_min.index;UINT8;UINT8;;;
ADC;0x508FCE78;282;adc.u_ref_1_5v[3];UINT16;UINT16;V;Reference voltage 4;
LOGGER;0x50B441C1;283;logger.minutes_ea_log_ts;INT32;TIMESERIES;;;
PRIM_SM;0x5151D84C;284;prim_sm.island_reset_retrials_counter_time;FLOAT;FLOAT;min;Reset island trials counter in (by 0 not used);
BATTERY;0x518C7BBE;285;battery.cells_stat[5].u_min.time;UINT32;UINT32;;;
BATTERY_PLACEHOLDER;0x51E5377D;286;battery_placeholder[0].stack_cycles[1];UINT16;UINT16;;;
LOGGER;0x5293B668;287;logger.minutes_soc_log_ts;INT32;TIMESERIES;%;;
BATTERY_PLACEHOLDER;0x53656F42;288;battery_placeholder[0].cells_stat[2].u_max.index;UINT8;UINT8;;;
BATTERY;0x537C719F;289;battery.cells_stat[0].t_max.value;FLOAT;FLOAT;;;
WIFI;0x53886C09;290;wifi.connect_to_service;UINT8;UINT8;;;
NSM;0x53EF7649;291;nsm.p_u[0][0];FLOAT;FLOAT;;Point 1 P/Pn;
LOGGER;0x5411CE1B;292;logger.minutes_ul1_log_ts;INT32;TIMESERIES;V;;
GRID_MON;0x5438B68E;293;grid_mon[1].u_over.threshold;FLOAT;FLOAT;V;Max. voltage level 2;
P_REC;0x54829753;294;p_rec_lim[1];FLOAT;FLOAT;W;Max. battery to grid power;
G_SYNC;0x54B4684E;295;g_sync.u_l_rms[1];FLOAT;FLOAT;V;AC voltage phase 2;
IO_BOARD;0x54DBC202;296;io_board.rse_table[12];FLOAT;FLOAT;;K4..K1: 1100;
LOGGER;0x554D8FEE;297;logger.minutes_eac2_log_ts;INT32;TIMESERIES;;;
BATTERY;0x5570401B;298;battery.stored_energy;FLOAT;FLOAT;Wh;Total energy flow into battery;
G_SYNC;0x55C22966;299;g_sync.s_ac[2];FLOAT;FLOAT;VA;Apparent power phase 3;
BATTERY;0x55DDF7BA;300;battery.max_cell_temperature;FLOAT;FLOAT;;;
WIFI;0x5673D737;301;wifi.connect_to_wifi;BOOL;BOOL;;;
WIFI;0x57429627;302;wifi.authentication_method;STRING;STRING;;WiFi authentication method;
BATTERY_PLACEHOLDER;0x576D2A08;303;battery_placeholder[0].cells_stat[3].t_min.time;UINT32;UINT32;;;
BATTERY_PLACEHOLDER;0x57945EE4;304;battery_placeholder[0].maximum_charge_current;FLOAT;FLOAT;A;Max. charge current;
HW_TEST;0x58378BD0;305;hw_test.bt_time[3];FLOAT;FLOAT;;;
BATTERY;0x5847E59E;306;battery.maximum_charge_voltage_constant_u;FLOAT;FLOAT;V;Max. charge voltage;
IO_BOARD;0x5867B3BE;307;io_board.rse_table[2];FLOAT;FLOAT;;K4..K1: 0010;
IO_BOARD;0x58C1A946;308;io_board.check_state;UINT8;UINT8;;;
POWER_MNG;0x592B13DF;966;power_mng.schedule[1]??;STRING;STRING;;;
POWER_MNG;0x592B13DF;309;power_mng.schedule[4];STRING;STRING;;;
POWER_MNG;0x59358EB2;310;power_mng.maximum_charge_voltage;FLOAT;FLOAT;V;Max. battery charge voltage;
BATTERY;0x5939EC5D;311;battery.module_sn[6];STRING;STRING;;Module 6 Serial Number;
WIFI;0x5952E5E6;312;wifi.mask;STRING;STRING;;Netmask;
BATTERY;0x5A120CE4;313;battery.cells_stat[1].t_max.time;UINT32;UINT32;;;
WIFI;0x5A316247;314;wifi.mode;STRING;STRING;;WiFi mode;
BATTERY;0x5A9EEFF0;315;battery.stack_cycles[4];UINT16;UINT16;;;
BATTERY;0x5AF50FD7;316;battery.cells_stat[4].t_min.value;FLOAT;FLOAT;;;
POWER_MNG;0x5B10CE81;317;power_mng.is_heiphoss;UINT8;UINT8;;HeiPhoss mode;
BATTERY;0x5BA122A5;318;battery.stack_cycles[2];UINT16;UINT16;;;
DC_CONV;0x5BB8075A;319;dc_conv.dc_conv_struct[1].u_sg_lp;FLOAT;FLOAT;V;Solar generator B voltage;
IO_BOARD;0x5BD2DB45;320;io_board.io1_s0_imp_per_kwh;INT16;INT16;;Number of impulses per kWh for S0 signal on I/O 1;
BATTERY_PLACEHOLDER;0x5C93093B;321;battery_placeholder[0].status2;INT32;INT32;;Battery extra status;
DB;0x5CD75669;322;db.power_board.afi_t150;FLOAT;FLOAT;s;AFI 150 mA switching off time;
P_REC;0x5D0CDCF0;323;p_rec_available[2];FLOAT;FLOAT;W;Available Pac;
NET;0x5D1B0835;324;net.use_network_filter;BOOL;BOOL;;;
LOGGER;0x5D34D09D;325;logger.month_egrid_load_log_ts;INT32;TIMESERIES;;;
NET;0x5E540FB2;326;net.update_slaves;BOOL;BOOL;;Activate aut. update slaves;
DC_CONV;0x5E942C62;327;dc_conv.dc_conv_struct[1].mpp.fixed_voltage;FLOAT;FLOAT;V;Fixed voltage Solar generator B;
IO_BOARD;0x5EE03C45;328;io_board.alarm_home_relay_mode;ENUM;ENUM;;Multifunctional relay usage;0=Not used|1=Alarm|2=Load
BATTERY_PLACEHOLDER;0x5EF54372;329;battery_placeholder[0].cells_stat[0].u_max.index;UINT8;UINT8;;;
PRIM_SM;0x5F33284E;330;prim_sm.state;ENUM;ENUM;;Inverter status;0=Standby|1=Initialization|2=Standby|3=Efficiency (debug state)|4=Insulation check|5=Island check (decide if grid or island mode)|6=Power check (check if enough energy is available to start)|7=Symmetry (DC link alignment)|8=Relais test|9=Grid passive (inverter has power from the grid, not synchronized|10=Prepare Bat Passive|11=Battery Passive (inverter not connected to grid, powered by battery)|12=H/W check (start-preparation)|13=Feed in
G_SYNC;0x6002891F;331;g_sync.p_ac_sc_sum;FLOAT;FLOAT;W;Grid power (ext. sensors);
BATTERY_PLACEHOLDER;0x60435F1C;332;battery_placeholder[0].cells[6];STRING;STRING;;;
BATTERY;0x60749E5E;333;battery.cells_stat[6].u_min.time;UINT32;UINT32;;;
LOGGER;0x60A9A532;334;logger.day_eext_log_ts;INT32;TIMESERIES;;;
G_SYNC;0x612F7EAB;335;g_sync.s_ac[1];FLOAT;FLOAT;VA;Apparent power phase 2;
BATTERY;0x61EAC702;336;battery.cells_stat[0].t_min.value;FLOAT;FLOAT;;;
BATTERY;0x6213589B;337;battery.cells_stat[6].u_min.value;FLOAT;FLOAT;;;
DB;0x6279F2A3;338;db.power_board.version_boot;UINT32;UINT32;;PIC bootloader software version;
DC_CONV;0x62B8940B;339;dc_conv.start_voltage;FLOAT;FLOAT;V;Inverter DC-voltage start value;
BATTERY;0x62D645D9;340;battery.cells[5];BATTERY_MODULE_STATUS;BATTERY_MODULE_STATUS;;;
ENERGY;0x62FBE7DC;341;energy.e_grid_load_total;FLOAT;FLOAT;Wh;Total energy grid load;
G_SYNC;0x63476DBE;342;g_sync.u_ptp_rms[0];FLOAT;FLOAT;V;Phase to phase voltage 1;
BATTERY_PLACEHOLDER;0x6383DEA9;343;battery_placeholder[0].cells_stat[1].t_max.value;FLOAT;FLOAT;;;
BATTERY;0x6388556C;344;battery.stack_software_version[0];UINT32;UINT32;;Software version stack 0;
BATTERY;0x6445D856;345;battery.cells_stat[1].u_min.index;UINT8;UINT8;;;
DC_CONV;0x6476A836;346;dc_conv.dc_conv_struct[0].mpp.enable_scan;BOOL;BOOL;;Enable rescan for global MPP on solar generator A;
BATTERY;0x649B10DA;347;battery.cells_resist[0];BATTERY_MODULE_RESISTANCE;BATTERY_MODULE_RESISTANCE;;;
G_SYNC;0x650C1ED7;348;g_sync.i_dr_eff[1];FLOAT;FLOAT;A;Current phase 2;
BATTERY_PLACEHOLDER;0x652B7536;349;battery_placeholder[0].cells_stat[3].t_min.index;UINT8;UINT8;;;
POWER_MNG;0x6599E3D3;965;power_mng.schedule[0]??;STRING;STRING;;;
POWER_MNG;0x6599E3D3;350;power_mng.schedule[3];STRING;STRING;;;
FLASH_PARAM;0x65A44A98;351;flash_mem;STRING;STRING;;;
ENERGY;0x65B624AB;352;energy.e_grid_feed_month;FLOAT;FLOAT;Wh;Month energy grid feed-in;
BATTERY;0x65EED11B;353;battery.voltage;FLOAT;FLOAT;V;Battery voltage;
POWER_MNG;0x663F1452;354;power_mng.n_batteries;UINT8;UINT8;;;
IO_BOARD;0x664A1326;355;io_board.rse_table[14];FLOAT;FLOAT;;K4..K1: 1110;
LOGGER;0x669D02FE;356;logger.minutes_eac_log_ts;INT32;TIMESERIES;;;
ENERGY;0x6709A2F4;357;energy.e_ac_year_sum;FLOAT;FLOAT;;;
POWER_MNG;0x672552DC;358;power_mng.bat_calib_days_in_advance;UINT8;UINT8;;Battery calibration days in advance;
BATTERY_PLACEHOLDER;0x6743CCCE;359;battery_placeholder[0].cells_stat[6].t_max.index;UINT8;UINT8;;;
DC_CONV;0x675776B1;360;dc_conv.dc_conv_struct[1].u_target;FLOAT;FLOAT;V;MPP on input B;
DISPLAY_STRUCT;0x67BF3003;361;display_struct.display_dir;BOOL;BOOL;;Rotate display;
NET;0x67C0A2F5;362;net.slave_p_total;FLOAT;FLOAT;;;
POWER_MNG;0x682CDDA1;363;power_mng.battery_type;ENUM;ENUM;;Battery type;0=Lead-acid Powerfit|1=Li-Ion Akesol|2=Laukner|3=Li-Ion RCT Power|4=Li-Ion Zach|5=No battery|6=Power loop 200 V|7=BYD D-BOX H
IO_BOARD;0x6830F6E4;364;io_board.rse_table[9];FLOAT;FLOAT;;K4..K1: 1001;
IO_BOARD;0x68BA92E1;365;io_board.io2_s0_imp_per_kwh;INT16;INT16;;Number of impulses per kWh for S0 signal on I/O 2;
OTHERS;0x68BC034D;366;parameter_file;STRING;STRING;;Norm;
ENERGY;0x68EEFD3D;367;energy.e_dc_total[1];FLOAT;FLOAT;Wh;Solar generator B total energy;
BATTERY_PLACEHOLDER;0x690C32D2;368;battery_placeholder[0].module_sn[0];STRING;STRING;;Module 0 Serial Number;
BATTERY;0x6974798A;369;battery.stack_software_version[6];UINT32;UINT32;;Software version stack 6;
CAN_BUS;0x69AA598A;370;can_bus.requested_id;INT32;INT32;;;
BATTERY;0x69B8FF28;371;battery.cells[2];BATTERY_MODULE_STATUS;BATTERY_MODULE_STATUS;;;
LOGGER;0x6B5A56C2;372;logger.month_eb_log_ts;INT32;TIMESERIES;;;
DB;0x6BA10831;373;db.power_board.afi_i30;FLOAT;FLOAT;A;AFI 30 mA threshold;
LINE_MON;0x6BBDC7C8;374;line_mon.u_max;FLOAT;FLOAT;V;Max line voltage;
HW_TEST;0x6BFF1AF4;375;hw_test.bt_power[2];FLOAT;FLOAT;;;
BATTERY_PLACEHOLDER;0x6C03F5ED;376;battery_placeholder[0].bms_power_version;UINT32;UINT32;;Software version BMS Power;
BATTERY_PLACEHOLDER;0x6C10E96A;377;battery_placeholder[0].cells_stat[0].u_min.time;UINT32;UINT32;;;
MODBUS;0x6C243F71;378;modbus.address;UINT8;UINT8;;RS485 address;
IO_BOARD;0x6C2D00E4;379;io_board.rse_table[1];FLOAT;FLOAT;;K4..K1: 0001;
OTHERS;0x6C44F721;380;i_dc_max;FLOAT;FLOAT;A;Max. DC-component of Iac;
ENERGY;0x6CFCD774;381;energy.e_dc_year_sum[1];FLOAT;FLOAT;;;
CS_MAP;0x6D5318C8;382;cs_map[1];UINT8;UINT8;;Associate current sensor 1 with phase L;
BATTERY_PLACEHOLDER;0x6D639C25;383;battery_placeholder[0].cells_stat[0].t_min.value;FLOAT;FLOAT;;;
WIFI;0x6D7C0BF4;384;wifi.sockb_port;INT32;INT32;;Port, either the client port or the master\'s port if unit is a slave;
BATTERY;0x6DB1FDDC;385;battery.cells_stat[4].u_min.value;FLOAT;FLOAT;;;
NET;0x6DCC4097;386;net.master_timeout;FLOAT;FLOAT;;;
G_SYNC;0x6E1C5B78;387;g_sync.p_ac_lp[1];FLOAT;FLOAT;W;AC power phase 2;
BATTERY;0x6E24632E;388;battery.cells_stat[5].u_max.time;UINT32;UINT32;;;
BATTERY_PLACEHOLDER;0x6E3336A8;389;battery_placeholder[0].cells_stat[5].t_max.index;UINT8;UINT8;;;
BATTERY;0x6E491B50;390;battery.maximum_charge_voltage;FLOAT;FLOAT;V;Max. charge voltage;
LOGGER;0x6F3876BC;391;logger.error_log_time_stamp;INT32;EVENT_TABLE;;Time stamp for error log reading;
DB;0x6FB2E2BF;392;db.power_board.afi_i150;FLOAT;FLOAT;A;AFI 150 mA threshold;
RB485;0x6FD36B32;393;rb485.f_wr[1];FLOAT;FLOAT;Hz;Power Storage phase 2 frequency;
ENERGY;0x6FF4BD55;394;energy.e_ext_month_sum;FLOAT;FLOAT;;;
DC_CONV;0x701A0482;395;dc_conv.dc_conv_struct[0].enabled;BOOL;BOOL;;Solar generator A connected;
BATTERY;0x70349444;396;battery.cells_stat[1].t_min.index;UINT8;UINT8;;;
BATTERY;0x70A2AF4F;397;battery.bat_status;INT32;INT32;;Current battery status (bitfield);
LOGGER;0x70BD7C46;398;logger.year_eac_log_ts;INT32;TIMESERIES;;;
GRID_MON;0x70E28322;399;grid_mon[0].f_under.time;FLOAT;FLOAT;s;Min. frequency switch-off time level 1;
BATTERY;0x71196579;400;battery.cells_stat[5].t_min.index;UINT8;UINT8;;;
FRT;0x71277E71;401;frt.u_min_begin;FLOAT;FLOAT;V;FRT begin undervoltage threshold;
NSM;0x71465EAF;402;nsm.cos_phi_ts;FLOAT;FLOAT;s;Time const for filter;
ADC;0x715C84A1;403;adc.u_ref_1_5v[2];UINT16;UINT16;V;Reference voltage 3;
BATTERY;0x71765BD8;404;battery.status;INT32;INT32;;Battery status;
HW_TEST;0x71B70DCE;405;hw_test.bt_power[4];FLOAT;FLOAT;;;
BATTERY;0x71CB0B57;406;battery.cells_resist[1];BATTERY_MODULE_RESISTANCE;BATTERY_MODULE_RESISTANCE;;;
G_SYNC;0x71E10B51;407;g_sync.p_ac_lp[0];FLOAT;FLOAT;W;AC power phase 1;
NSM;0x7232F7AF;408;nsm.apm;ENUM;ENUM;;Active power mode;0=Off|1=P(f)
BATTERY;0x7268CE4D;409;battery.inv_cmd;UINT32;UINT32;;;
LOGGER;0x72ACC0BF;410;logger.minutes_ua_log_ts;INT32;TIMESERIES;V;Histogram voltage generator A;
FLASH_RTC;0x7301A5A7;411;flash_rtc.time_stamp_factory;UINT32;UINT32;;Production date;
BATTERY;0x73489528;412;battery.module_sn[2];STRING;STRING;;Module 2 Serial Number;
PRIM_SM;0x73E3ED49;413;prim_sm.island_max_trials;UINT16;UINT16;;Max island trials;
DB;0x742966A6;414;db.power_board.afi_i300;FLOAT;FLOAT;A;AFI 300 mA threshold;
BATTERY;0x74FD4609;415;battery.cells_stat[2];BATTERY_MODULE_STATISTICS;BATTERY_MODULE_STATISTICS;;;
PRIM_SM;0x751E80CA;416;prim_sm.island_reset_retrials_operation_time;FLOAT;FLOAT;;;
BATTERY_PLACEHOLDER;0x75898A45;417;battery_placeholder[0].cells_stat[5].t_max.time;UINT32;UINT32;;;
HW_TEST;0x75AE19ED;418;hw_test.hw_switch_time;FLOAT;FLOAT;;;
IO_BOARD;0x7689BE6A;419;io_board.home_relay_sw_on_delay;FLOAT;FLOAT;s;Switching on delay;
LOGGER;0x76C9A0BD;420;logger.minutes_soc_targ_log_ts;INT32;TIMESERIES;%;;
WIFI;0x76CAA9BF;421;wifi.encryption_algorithm;STRING;STRING;;;
BATTERY;0x770A6E7C;422;battery.cells_stat[0].u_max.index;UINT8;UINT8;;;
ISO_STRUCT;0x777DC0EB;423;iso_struct.r_min;FLOAT;FLOAT;Ohm;Minimum allowed insulation resistance;
BATTERY_PLACEHOLDER;0x77A9480F;424;battery_placeholder[0].minimum_discharge_voltage;FLOAT;FLOAT;V;Min. discharge voltage;
HW_TEST;0x77DD4364;425;hw_test.bt_time[5];FLOAT;FLOAT;;;
BATTERY_PLACEHOLDER;0x77E5CEF1;426;battery_placeholder[0].stack_software_version[0];UINT32;UINT32;;Software version stack 0;
BATTERY_PLACEHOLDER;0x78228507;427;battery_placeholder[0].stack_cycles[6];UINT16;UINT16;;;
BATTERY_PLACEHOLDER;0x7839EBCB;428;battery_placeholder[0].cells_stat[3].u_min.time;UINT32;UINT32;;;
OTHERS;0x7924ABD9;429;inverter_sn;STRING;STRING;;Serial number;
BATTERY_PLACEHOLDER;0x792897C9;430;battery_placeholder[0].cells_stat[4].t_min.time;UINT32;UINT32;;;
IO_BOARD;0x792A7B79;431;io_board.s0_direction;ENUM;ENUM;;S0 inputs single or bidirectional;0=I/O 1 & I/O 2 single|1=I/O 1 bidirectional|2=I/O 2 bidirectional
OTHERS;0x7940547B;432;inv_struct.force_dh;BOOL;BOOL;;;
OTHERS;0x7946D888;433;i_dc_slow_time;FLOAT;FLOAT;s;Time for slow DC-component of Iac;
ENERGY;0x79C0A724;434;energy.e_ac_total_sum;FLOAT;FLOAT;;;
BATTERY_PLACEHOLDER;0x79D7D617;435;battery_placeholder[0].current;FLOAT;FLOAT;A;Battery current;
BATTERY_PLACEHOLDER;0x79E66CDF;436;battery_placeholder[0].cells_stat[6].t_min.index;UINT8;UINT8;;;
NSM;0x7A5C91F8;437;nsm.p_u[1][0];FLOAT;FLOAT;;Point 2 P/Pn;
CAN_BUS;0x7A67E33B;438;can_bus.bms_update_response[1];UINT32;UINT32;;;
RB485;0x7A9091EA;439;rb485.u_l_grid[1];FLOAT;FLOAT;V;Grid phase 2 voltage;
ENERGY;0x7AB9B045;440;energy.e_dc_month[1];FLOAT;FLOAT;Wh;Solar generator B month energy;
PARTITION;0x7AE87E39;441;partition[2].last_id;INT32;INT32;;;
POWER_MNG;0x7AF0AD03;972;power_mng.schedule[6]??;STRING;STRING;;;
POWER_MNG;0x7AF0AD03;442;power_mng.schedule[9];STRING;STRING;;;
NSM;0x7AF779C1;443;nsm.pu_mode;BOOL;BOOL;;P(U) mode 0: Pn 1: Pload;
WIFI;0x7B1F7FBE;444;wifi.gateway;STRING;STRING;;Gateway;
BATTERY_PLACEHOLDER;0x7B8E811E;445;battery_placeholder[0].cells_stat[6];STRING;STRING;;;
BATTERY_PLACEHOLDER;0x7BF3886B;446;battery_placeholder[0].stack_cycles[2];UINT16;UINT16;;;
PARTITION;0x7C0827C5;447;partition[5].last_id;INT32;INT32;;;
IO_BOARD;0x7C556C7A;448;io_board.io2_polarity;BOOL;BOOL;;Inverted signal on input I/O 2;
G_SYNC;0x7C78CBAC;449;g_sync.q_ac_sum_lp;FLOAT;FLOAT;var;Reactive power;
BATTERY_PLACEHOLDER;0x7C863EDB;450;battery_placeholder[0].cells[3];STRING;STRING;;;
BATTERY_PLACEHOLDER;0x7D839AE6;451;battery_placeholder[0].cells_resist[2];STRING;STRING;;;
DB;0x7DA7D8B6;452;db.power_board.version_main;UINT32;UINT32;;PIC software version;
WIFI;0x7DDE352B;453;wifi.sockb_ip;STRING;STRING;;IP of master unit if unit is a slave, else empty;
ENERGY;0x7E096024;454;energy.e_load_total_sum;FLOAT;FLOAT;;;
BATTERY;0x7E590128;455;battery.cells_stat[0].u_max.time;UINT32;UINT32;;;
NSM;0x7E75B17A;456;nsm.q_u_max_u_high_rel;FLOAT;FLOAT;;Qmax at upper voltage level relative to Smax (positive = overexcited);
BATTERY;0x7F42BB82;457;battery.cells_stat[6].u_max.index;UINT8;UINT8;;;
FAULT;0x7F813D73;458;fault[3].flt;UINT32;UINT32;;Error bit field 4;
BATTERY;0x7FF6252C;459;battery.cells_stat[5].t_max.time;UINT32;UINT32;;;
BATTERY;0x804A3266;460;battery.cells_stat[6].u_max.value;FLOAT;FLOAT;;;
DB;0x80835476;461;db.power_board.adc_p5V_W_meas;FLOAT;FLOAT;;;
BATTERY_PLACEHOLDER;0x8128228D;462;battery_placeholder[0].cells_stat[1].u_max.value;FLOAT;FLOAT;;;
ENERGY;0x812E5ADD;463;energy.e_dc_total_sum[1];FLOAT;FLOAT;;;
BATTERY;0x8160539D;464;battery.cells_stat[4].t_max.value;FLOAT;FLOAT;;;
ENERGY;0x81AE960B;465;energy.e_dc_month[0];FLOAT;FLOAT;Wh;Solar generator A month energy;
NSM;0x81AF854E;466;nsm.pu_use;BOOL;BOOL;;P(U) active;
CS_NEG;0x82258C01;467;cs_neg[0];FLOAT;FLOAT;;Multiply value of the current sensor 0 by;
GRID_MON;0x82CD1525;468;grid_mon[1].u_under.threshold;FLOAT;FLOAT;V;Min. voltage level 2;
G_SYNC;0x82E3C121;469;g_sync.q_ac[1];FLOAT;FLOAT;var;Reactive power phase 2;
IO_BOARD;0x8320B84C;470;io_board.rse_data_delay;FLOAT;FLOAT;s;Delay for new K4..K1 data;
BATTERY_PLACEHOLDER;0x8352F9DD;471;battery_placeholder[0].cells_stat[4].t_min.value;FLOAT;FLOAT;;;
NSM;0x83A5333A;472;nsm.cos_phi_p[0][0];FLOAT;FLOAT;P/Pn;Point 1;
FRT;0x83BBEF0B;473;frt.u_max_begin;FLOAT;FLOAT;V;FRT begin overvoltage threshold;
ENERGY;0x84ABE3D8;474;energy.e_grid_feed_year_sum;FLOAT;FLOAT;;;
P_REC;0x85886E2E;475;p_rec_lim[0];FLOAT;FLOAT;W;Max. compensation power;
BATTERY_PLACEHOLDER;0x8594D11E;476;battery_placeholder[0].module_sn[6];STRING;STRING;;Module 6 Serial Number;
HW_TEST;0x86782D58;477;hw_test.bt_power[9];FLOAT;FLOAT;;;
ENERGY;0x867DEF7D;478;energy.e_grid_load_day;FLOAT;FLOAT;Wh;Day energy grid load;
IO_BOARD;0x872F380B;479;io_board.load_set;FLOAT;FLOAT;W;Dummy household load;
OTHERS;0x87E4387A;480;current_sensor_max;FLOAT;FLOAT;A;Power Sensor current range;
BATTERY_PLACEHOLDER;0x8822EF35;481;battery_placeholder[0].stack_software_version[2];UINT32;UINT32;;Software version stack 2;
G_SYNC;0x883DE9AB;482;g_sync.s_ac_lp[2];FLOAT;FLOAT;VA;Apparent power phase 3;
BATTERY;0x885BB57E;483;battery.cells_stat[6].t_min.value;FLOAT;FLOAT;;;
G_SYNC;0x887D43C4;484;g_sync.i_dr_lp[0];FLOAT;FLOAT;A;Current phase 1 (average);
BATTERY;0x889DC27F;485;battery.cells_stat[0].u_min.value;FLOAT;FLOAT;;;
BATTERY;0x88BBF8CB;486;battery.cells_stat[5].t_min.value;FLOAT;FLOAT;;;
IO_BOARD;0x88C9707B;487;io_board.rse_table[15];FLOAT;FLOAT;;K4..K1: 1111;
NSM;0x88DEBCFE;488;nsm.q_u_max_u_high;FLOAT;FLOAT;var;Qmax at upper voltage level (positive = overexcited);
FRT;0x88DFDE8B;489;frt.u_max_end;FLOAT;FLOAT;V;FRT end overvoltage threshold;
IO_BOARD;0x88F36D45;490;io_board.rse_data;UINT8;UINT8;;Actual K4..K1 data;
FRT;0x89B21223;491;frt.t_max[0];FLOAT;FLOAT;s;Point 1 time;
BATTERY;0x89B25F4B;492;battery.stack_cycles[3];UINT16;UINT16;;;
G_SYNC;0x89EE3EB5;493;g_sync.i_dr_eff[0];FLOAT;FLOAT;A;Current phase 1;
G_SYNC;0x8A18539B;494;g_sync.u_zk_sum_avg;FLOAT;FLOAT;V;DC link voltage;
BATTERY_PLACEHOLDER;0x8AFD1410;495;battery_placeholder[0].stack_cycles[4];UINT16;UINT16;;;
BATTERY_PLACEHOLDER;0x8B4BE168;496;battery_placeholder[0].soc;FLOAT;FLOAT;;SOC (State of charge);
BATTERY;0x8B9FF008;497;battery.soc_target;FLOAT;FLOAT;%;Target SOC;
BATTERY;0x8BB08839;498;battery.cells_stat[6].t_min.time;UINT32;UINT32;;;
BATTERY_PLACEHOLDER;0x8C6E28E4;499;battery_placeholder[0].cells_stat[2].t_max.time;UINT32;UINT32;;;
WIFI;0x8CA00014;500;wifi.result;INT8;INT8;;WiFi result;
NSM;0x8D33B6BC;501;nsm.f_low_exit;FLOAT;FLOAT;Hz;Exit frequency for P(f) under-frequency mode;
LINE_MON;0x8D8E19F7;502;line_mon.u_min;FLOAT;FLOAT;V;Min line voltage;
DC_CONV;0x8DD1C728;503;dc_conv.dc_conv_struct[1].mpp.enable_scan;BOOL;BOOL;;Enable rescan for global MPP on solar generator B;
BATTERY;0x8DFFDD33;504;battery.cells_stat[3].u_min.time;UINT32;UINT32;;;
ISO_STRUCT;0x8E41FC47;505;iso_struct.Rp;FLOAT;FLOAT;Ohm;Insulation resistance on positive DC input;
POWER_MNG;0x8EBF9574;506;power_mng.soc_min_island;FLOAT;FLOAT;;Min SOC target (island);
BATTERY;0x8EC23427;507;battery.cells_stat[4].u_max.time;UINT32;UINT32;;;
DISPLAY_STRUCT;0x8EC4116E;508;display_struct.blink;BOOL;BOOL;;Display blinking enable;
BATTERY;0x8EF6FBBD;509;battery.cells[1];BATTERY_MODULE_STATUS;BATTERY_MODULE_STATUS;;;
BATTERY;0x8EF9C9B8;510;battery.cells_stat[6].t_max.time;UINT32;UINT32;;;
P_REC;0x8F0FF9F3;511;p_rec_available[1];FLOAT;FLOAT;W;Available battery to grid power;
OTHERS;0x8FC89B10;512;com_service;ENUM;ENUM;;COM service;0=Off|1=OnlineOsci protocol|2=COM protocol|3=Start bootloader|4=Reset DSP|5=Flash parameter|6=Erase parameters|7=Set SSID|8=Restart WiFi|9=Write WiFi parameters|10=Read WiFi parameters|11=Datalog bulk erase|12=Tune current sensors|13=Start battery booster test|14=Stop battery booster test|15=Start stack commission|16=Stop stack commission|17=Reset battery statistics
BATTERY;0x902AFAFB;513;battery.temperature;FLOAT;FLOAT;°C;Battery temperature;
HW_TEST;0x903FE89E;514;hw_test.bt_time[8];FLOAT;FLOAT;;;
RB485;0x905F707B;515;rb485.f_wr[2];FLOAT;FLOAT;Hz;Power Storage phase 3 frequency;
GRID_LT;0x9061EA7B;516;grid_lt.granularity;FLOAT;FLOAT;;Resolution;
WIFI;0x907CD1DF;517;wifi.connect_service_max_duration;INT32;INT32;s;Service connection max duration;
BATTERY;0x90832471;518;battery.cells_stat[1].u_max.time;UINT32;UINT32;;;
BATTERY_PLACEHOLDER;0x9095FD74;519;battery_placeholder[0].cells[5];STRING;STRING;;;
TEMPERATURE;0x90B53336;520;temperature.sink_temp_power_reduction;FLOAT;FLOAT;°C;Heat sink temperature target;
BATTERY_PLACEHOLDER;0x90C2AC13;521;battery_placeholder[0].stack_cycles[3];UINT16;UINT16;;;
IO_BOARD;0x90F123FA;522;io_board.io1_usage;ENUM;ENUM;;Digital I/O 1 usage;0=I/O not used|1=Input S0 grid power consumption|2=Input S0 grid power feed-in|3=Input S0 household power|4=Output S0 inverter power|5=Input level switch|6=Input emergency turn off|7=Output S0 grid power feed-in|8=Output S0 household power|9=Output S0 solar power|10=Input S0 external power
GRID_MON;0x915CD4A4;523;grid_mon[1].f_over.threshold;FLOAT;FLOAT;Hz;Max. frequency level 2;
G_SYNC;0x91617C58;524;g_sync.p_ac_grid_sum_lp;FLOAT;FLOAT;W;Total grid power;
ENERGY;0x917E3622;525;energy.e_ext_year;FLOAT;FLOAT;Wh;External year energy;
BATTERY;0x91C325D9;526;battery.cells_stat[0].t_min.time;UINT32;UINT32;;;
BATTERY;0x91FB68CD;527;battery.cells_stat[6].t_max.value;FLOAT;FLOAT;;;
BATTERY_PLACEHOLDER;0x920AFF34;528;battery_placeholder[0].cells_stat[1].t_max.index;UINT8;UINT8;;;
HW_TEST;0x9214A00C;529;hw_test.booster_test_index;UINT8;UINT8;;;
LOGGER;0x921997EE;530;logger.month_egrid_feed_log_ts;INT32;TIMESERIES;;;
LOGGER;0x9247DB99;531;logger.minutes_egrid_load_log_ts;INT32;TIMESERIES;;;
OTHERS;0x929394B7;532;svnversion_last_known;STRING;STRING;;;
G_SYNC;0x92BC682B;533;g_sync.i_dr_eff[2];FLOAT;FLOAT;A;Current phase 3;
GRID_MON;0x933F9A24;534;grid_mon[0].f_over.time;FLOAT;FLOAT;s;Max. frequency switch-off time level 1;
SWITCH_ON_COND;0x934E64E9;535;switch_on_cond.u_max;FLOAT;FLOAT;;Max. voltage;
FRT;0x9350FE02;536;frt.u_max[2];FLOAT;FLOAT;V;Point 3 voltage;
FRT;0x93971C36;537;frt.t_max[2];FLOAT;FLOAT;s;Point 3 time;
POWER_MNG;0x93C0C2E2;538;power_mng.bat_calib_reqularity;UINT32;UINT32;days;Battery calibration interval;
NSM;0x93E6918D;539;nsm.f_exit;FLOAT;FLOAT;Hz;Exit frequency for P(f) over-frequency mode;
RB485;0x93F976AB;540;rb485.u_l_grid[0];FLOAT;FLOAT;V;Grid phase 1 voltage;
HW_TEST;0x940569AC;541;hw_test.bt_time[6];FLOAT;FLOAT;;;
BATTERY_PLACEHOLDER;0x947DDC38;542;battery_placeholder[0].cells_stat[0].t_min.index;UINT8;UINT8;;;
BATTERY_PLACEHOLDER;0x9486134F;543;battery_placeholder[0].cells_stat[1].t_max.time;UINT32;UINT32;;;
RB485;0x9558AD8A;544;rb485.f_grid[0];FLOAT;FLOAT;Hz;Grid phase1 frequency;
BATTERY;0x959930BF;545;battery.soc;FLOAT;FLOAT;%;SOC (State of charge);
BATTERY_PLACEHOLDER;0x95E1E844;546;battery_placeholder[0].cells_stat[2].t_min.time;UINT32;UINT32;;;
BATTERY_PLACEHOLDER;0x961C8261;547;battery_placeholder[0].cells_stat[4].u_max.time;UINT32;UINT32;;;
CAN_BUS;0x96629BB9;548;can_bus.bms_update_state;UINT8;UINT8;;;
NSM;0x9680077F;549;nsm.cos_phi_p[2][0];FLOAT;FLOAT;P/Pn;Point 3;
FLASH_PARAM;0x96E32D11;550;flash_param.erase_cycles;UINT32;UINT32;;Erase cycles of flash parameter;
POWER_MNG;0x972B3029;551;power_mng.stop_discharge_voltage_buffer;FLOAT;FLOAT;V;Stop discharge voltage buffer;
POWER_MNG;0x97997C93;552;power_mng.soc_max;FLOAT;FLOAT;;Max SOC target;
BATTERY_PLACEHOLDER;0x97DC2ECB;553;battery_placeholder[0].cells[1];STRING;STRING;;;
POWER_MNG;0x97E203F9;554;power_mng.is_grid;BOOL;BOOL;;;
POWER_MNG;0x97E3A6F2;555;power_mng.u_acc_lp;FLOAT;FLOAT;V;Battery voltage (inverter);
BATTERY_PLACEHOLDER;0x980C5525;556;battery_placeholder[0].max_cell_voltage;FLOAT;FLOAT;;;
IO_BOARD;0x98ACC1B8;557;io_board.rse_table[4];FLOAT;FLOAT;;K4..K1: 0100;
BATTERY;0x99396810;558;battery.module_sn[1];STRING;STRING;;Module 1 Serial Number;
BATTERY;0x993C06F6;559;battery.cells_resist[3];BATTERY_MODULE_RESISTANCE;BATTERY_MODULE_RESISTANCE;;;
DB;0x9981F1AC;560;db.power_board.adc_m9V_meas;FLOAT;FLOAT;;;
POWER_MNG;0x99EE89CB;561;power_mng.power_lim_src_index;ENUM;ENUM;;Power limit source;
POWER_MNG;0x9A33F9B7;967;power_mng.schedule[2]??;STRING;STRING;;;
POWER_MNG;0x9A33F9B7;562;power_mng.schedule[5];STRING;STRING;;;
LOGGER;0x9A51A23B;563;logger.log_rate;UINT16;UINT16;s;Data log resolution;
P_REC;0x9A67600D;564;p_rec_lim[2];FLOAT;FLOAT;W;Pac max.;
BATTERY_PLACEHOLDER;0x9AAA9CAA;565;battery_placeholder[0].stack_cycles[5];UINT16;UINT16;;;
IO_BOARD;0x9B92023F;566;io_board.rse_table[7];FLOAT;FLOAT;;K4..K1: 0111;
FRT;0x9C75BD89;567;frt.t_min[0];FLOAT;FLOAT;s;Point 1 time;
OTHERS;0x9C8FE559;568;pas.period;UINT32;UINT32;;;
BATTERY;0x9D785E8C;569;battery.bms_software_version;UINT32;UINT32;;Software version BMS Master;
BAT_MNG_STRUCT;0x9DC927AA;570;bat_mng_struct.profile_load;UNKNOWN;UNKNOWN;;;
DC_CONV;0x9E1A88F5;571;dc_conv.dc_conv_struct[0].mpp.fixed_voltage;FLOAT;FLOAT;V;Fixed voltage Solar generator A;
BATTERY;0x9E314430;572;battery.cells_stat[2].u_max.time;UINT32;UINT32;;;
POWER_MNG;0x9F52F968;573;power_mng.feed_asymmetrical;BOOL;BOOL;;Allow asymmetrical feed;
BATTERY;0xA10D9A4B;574;battery.min_cell_temperature;FLOAT;FLOAT;;;
LINE_MON;0xA1266D6B;575;line_mon.time_lim;FLOAT;FLOAT;s;Switch off time line voltage;
ENERGY;0xA12BE39C;576;energy.e_load_month_sum;FLOAT;FLOAT;;;
OTHERS;0xA12E9B43;577;phase_marker;INT16;INT16;;Next phase after phase 1;
WIFI;0xA1D2B565;578;wifi.service_port;INT32;INT32;;;
BATTERY_PLACEHOLDER;0xA23FE8B9;579;battery_placeholder[0].cells_stat[6].t_min.value;FLOAT;FLOAT;;;
BATTERY_PLACEHOLDER;0xA2F87161;580;battery_placeholder[0].cells_stat[0].u_max.time;UINT32;UINT32;;;
LOGGER;0xA305214D;581;logger.buffer;STRING;STRING;;;
IO_BOARD;0xA3393749;582;io_board.check_start;UINT8;UINT8;;;
NSM;0xA33D0954;583;nsm.q_u_hysteresis;BOOL;BOOL;;Curve with hysteresis;
BATTERY;0xA3E48B21;584;battery.cells_stat[2].t_min.value;FLOAT;FLOAT;;;
BATTERY;0xA40906BF;585;battery.stack_software_version[4];UINT32;UINT32;;Software version stack 4;
NSM;0xA5044DCD;586;nsm.p_u[2][0];FLOAT;FLOAT;P/Pn;Point 3;
ENERGY;0xA5341F4A;587;energy.e_grid_feed_month_sum;FLOAT;FLOAT;;;
BATTERY;0xA54C4685;588;battery.stack_software_version[1];UINT32;UINT32;;Software version stack 1;
ENERGY;0xA59C8428;589;energy.e_ext_total;FLOAT;FLOAT;Wh;External total energy;
LOGGER;0xA60082A9;590;logger.minutes_egrid_feed_log_ts;INT32;TIMESERIES;W;;
BATTERY;0xA616B022;591;battery.soc_target_low;FLOAT;FLOAT;;SOC target low;
GRID_MON;0xA6271C2E;592;grid_mon[0].u_over.threshold;FLOAT;FLOAT;V;Max. voltage level 1;
BATTERY;0xA6871A4D;593;battery.cells_stat[4].t_min.index;UINT8;UINT8;;;
BATTERY;0xA6C4FD4A;594;battery.stack_cycles[0];UINT16;UINT16;;;
TEMPERATURE;0xA7447FC4;595;temperature.bat_temp_power_reduction;FLOAT;FLOAT;°C;Battery actuator temperature target;
OTHERS;0xA76AE9CA;596;relays.bits_real;UINT16;UINT16;;;
LOGGER;0xA7C708EB;597;logger.minutes_eload_log_ts;INT32;TIMESERIES;;;
BATTERY;0xA7DBD28C;598;battery.cells_stat[2].t_max.index;UINT8;UINT8;;;
BATTERY_PLACEHOLDER;0xA7F4123B;599;battery_placeholder[0].stack_software_version[6];UINT32;UINT32;;Software version stack 6;
POWER_MNG;0xA7FA5C5D;600;power_mng.u_acc_mix_lp;FLOAT;FLOAT;V;Battery voltage;
BATTERY;0xA7FE5C0C;601;battery.cells_stat[2].t_min.index;UINT8;UINT8;;;
BATTERY_PLACEHOLDER;0xA81176D0;602;battery_placeholder[0].cells_stat[1].u_min.time;UINT32;UINT32;;;
BATTERY_PLACEHOLDER;0xA83F291F;603;battery_placeholder[0].cells_stat[6].u_min.value;FLOAT;FLOAT;;;
BATTERY_PLACEHOLDER;0xA8FEAEB9;604;battery_placeholder[0].cells_resist[5];STRING;STRING;;;
BATTERY;0xA9033880;605;battery.used_energy;FLOAT;FLOAT;Wh;Total energy flow from battery;
GRID_MON;0xA95AD038;606;grid_mon[0].f_under.threshold;FLOAT;FLOAT;Hz;Min. frequency level 1;
POWER_MNG;0xA95EE214;607;power_mng.model.bat_power_change;FLOAT;FLOAT;;;
OTHERS;0xA9CF517D;608;power_spring_down;FLOAT;FLOAT;;;
BATTERY_PLACEHOLDER;0xAA911BEE;609;battery_placeholder[0].cells_stat[4].t_max.value;FLOAT;FLOAT;;;
DC_CONV;0xAA9AA253;610;dc_conv.dc_conv_struct[1].p_dc;FLOAT;FLOAT;W;Solar generator B power;
BATTERY;0xAACAC898;611;battery.cells_stat[4].t_max.time;UINT32;UINT32;;;
IO_BOARD;0xAACE057A;612;io_board.io1_s0_min_duration;FLOAT;FLOAT;s;Minimum S0 signal duration on I/O 1;
BATTERY_PLACEHOLDER;0xABA015FC;613;battery_placeholder[0].module_sn[1];STRING;STRING;;Module 1 Serial Number;
IO_BOARD;0xAC2E2A56;614;io_board.rse_table[5];FLOAT;FLOAT;;K4..K1: 0101;
BATTERY;0xACF7666B;615;battery.efficiency;FLOAT;FLOAT;;Battery efficiency (used energy / stored energy);
BATTERY_PLACEHOLDER;0xAE99F87A;616;battery_placeholder[0].cells_stat[5].t_min.time;UINT32;UINT32;;;
POWER_MNG;0xAEF76FA1;617;power_mng.minimum_discharge_voltage;FLOAT;FLOAT;V;Min. battery discharge voltage;
ENERGY;0xAF64D0FE;618;energy.e_dc_year[0];FLOAT;FLOAT;Wh;Solar generator A year energy;
G_SYNC;0xB0041187;619;g_sync.u_sg_avg[1];FLOAT;FLOAT;V;Solar generator B voltage;
DB;0xB0307591;620;db.power_board.status;UINT16;UINT16;;Power board status;
HW_TEST;0xB082C4D7;621;hw_test.bt_power[5];FLOAT;FLOAT;;;
BATTERY;0xB0EBE75A;622;battery.minimum_discharge_voltage;FLOAT;FLOAT;V;Min. discharge voltage;
ACC_CONV;0xB0FA4D23;623;acc_conv.i_charge_max;FLOAT;FLOAT;A;Max. battery converter charge current;
BATTERY_PLACEHOLDER;0xB130B8D6;624;battery_placeholder[0].cells_stat[1].t_min.time;UINT32;UINT32;;;
OTHERS;0xB1D1BE71;625;osci_struct.cmd_response_time;FLOAT;FLOAT;;;
BATTERY_PLACEHOLDER;0xB1D465C7;626;battery_placeholder[0].cells_stat[4].u_min.value;FLOAT;FLOAT;;;
ENERGY;0xB1EF67CE;627;energy.e_ac_total;FLOAT;FLOAT;Wh;Total energy;
LOGGER;0xB20D1AD6;628;logger.day_egrid_feed_log_ts;INT32;TIMESERIES;;;
G_SYNC;0xB221BCFA;629;g_sync.p_ac_sc[2];FLOAT;FLOAT;W;Grid power phase 3;
BATTERY_PLACEHOLDER;0xB228EC94;630;battery_placeholder[0].cells_stat[3].t_max.time;UINT32;UINT32;;;
FLASH_PARAM;0xB238942F;631;last_successfull_flash_op;INT16;INT16;;;
DC_CONV;0xB298395D;632;dc_conv.dc_conv_struct[0].u_sg_lp;FLOAT;FLOAT;V;Solar generator A voltage;
BAT_MNG_STRUCT;0xB2FB9A90;633;bat_mng_struct.k_trust;FLOAT;FLOAT;;How fast the actual prediction can be trusted [0..10];
BATTERY_PLACEHOLDER;0xB399B5B3;634;battery_placeholder[0].cells_stat[4].u_min.index;UINT8;UINT8;;;
BATTERY_PLACEHOLDER;0xB403A7E6;635;battery_placeholder[0].soc_update_since;FLOAT;FLOAT;;;
ACC_CONV;0xB408E40A;636;acc_conv.i_acc_lp_slow;FLOAT;FLOAT;;;
WIFI;0xB4222BDE;637;wifi.state;UINT8;UINT8;;;
P_REC;0xB45FE275;638;p_rec_available[0];FLOAT;FLOAT;W;Available compensation power;
BATTERY;0xB4E053D4;639;battery.cells_stat[1].u_min.value;FLOAT;FLOAT;;;
DC_CONV;0xB5317B78;640;dc_conv.dc_conv_struct[0].p_dc;FLOAT;FLOAT;W;Solar generator A power;
G_SYNC;0xB55BA2CE;641;g_sync.u_sg_avg[0];FLOAT;FLOAT;V;Solar generator A voltage;
BATTERY;0xB57B59BD;642;battery.ah_capacity;FLOAT;FLOAT;Ah;Battery capacity;
BATTERY_PLACEHOLDER;0xB5EDA8EC;643;battery_placeholder[0].cells_stat[3].u_max.value;FLOAT;FLOAT;;;
POWER_MNG;0xB6623608;644;power_mng.bat_next_calib_date;UINT32;UINT32;;Next battery calibration;
DB;0xB69171C4;645;db.power_board.Current_AC_RMS;FLOAT;FLOAT;;;
BATTERY_PLACEHOLDER;0xB70D1703;646;battery_placeholder[0].cells_stat[5].u_max.index;UINT8;UINT8;;;
NSM;0xB76E2B4C;647;nsm.cos_phi_const;FLOAT;FLOAT;;Cos phi constant value (positive = overexcited);
ENERGY;0xB7B2967F;648;energy.e_dc_total_sum[0];FLOAT;FLOAT;;;
WIFI;0xB7C85C51;649;wifi.use_ethernet;BOOL;BOOL;;;
WIFI;0xB7FEA209;650;wifi.connect_service_timestamp;INT32;INT32;;Service auto disconnect time;
BATTERY;0xB81FB399;651;battery.cells_stat[2].u_min.time;UINT32;UINT32;;;
DC_CONV;0xB836B50C;652;dc_conv.dc_conv_struct[1].rescan_correction;FLOAT;FLOAT;V;Last global rescan MPP correction on input B;
BATTERY;0xB84A38AB;653;battery.soc_target_high;FLOAT;FLOAT;;SOC target high;
ADC;0xB84FDCF9;654;adc.u_acc;FLOAT;FLOAT;V;Battery voltage (inverter);
IO_BOARD;0xB851FA70;655;io_board.rse_table[11];FLOAT;FLOAT;;K4..K1: 1011;
NSM;0xB98C8194;656;nsm.min_cos_phi;FLOAT;FLOAT;;Minimum allowed cos(phi) [0..1];
G_SYNC;0xB9928C51;657;g_sync.p_ac_lp[2];FLOAT;FLOAT;W;AC power phase 3;
ENERGY;0xB9A026F9;658;energy.e_ext_day;FLOAT;FLOAT;Wh;External day energy;
BATTERY;0xB9E09F78;659;battery.cells_stat[5].u_min.index;UINT8;UINT8;;;
BATTERY_PLACEHOLDER;0xBA046C03;660;battery_placeholder[0].cells_stat[5].t_max.value;FLOAT;FLOAT;;;
DC_CONV;0xBA8B8515;661;dc_conv.dc_conv_struct[0].mpp.mpp_step;FLOAT;FLOAT;V;MPP search step on input A;
BATTERY;0xBB302278;662;battery.cells_stat[1].t_min.time;UINT32;UINT32;;;
NSM;0xBB617E51;663;nsm.u_q_u[1];FLOAT;FLOAT;V;Low voltage max. point;
IO_BOARD;0xBBE6B9DF;664;io_board.p_rse_rise_grad;FLOAT;FLOAT;P/Pn/s;Power rise gradient;
G_SYNC;0xBCA77559;665;g_sync.q_ac[2];FLOAT;FLOAT;var;Reactive power phase 3;
IO_BOARD;0xBCC6F92F;666;io_board.home_relay_threshold;FLOAT;FLOAT;W;Switching on threshold;
POWER_MNG;0xBD008E29;667;power_mng.battery_power_extern;FLOAT;FLOAT;W;Battery target power (positive = discharge);
POWER_MNG;0xBD3A23C3;668;power_mng.soc_charge;FLOAT;FLOAT;;SOC min maintenance charge;
CAN_BUS;0xBD4147B0;669;can_bus.set_cell_resist;UINT32;UINT32;;;
ENERGY;0xBD55905F;670;energy.e_ac_day;FLOAT;FLOAT;Wh;Day energy;
ENERGY;0xBD55D796;671;energy.e_dc_year[1];FLOAT;FLOAT;Wh;Solar generator B year energy;
BATTERY_PLACEHOLDER;0xBD95C46C;672;battery_placeholder[0].ah_capacity;FLOAT;FLOAT;Ah;Battery capacity [Ah];
BATTERY;0xBDE3BF0A;673;battery.cells_stat[6].t_max.index;UINT8;UINT8;;;
IO_BOARD;0xBDFE5547;674;io_board.rse_table[3];FLOAT;FLOAT;;K4..K1: 0011;
OTHERS;0xBF9B6042;675;svnversion_factory;STRING;STRING;;Control software factory version;
NET;0xBFFF3CAD;676;net.n_slaves;UINT8;UINT8;;;
G_SYNC;0xC03462F6;677;g_sync.p_ac[2];FLOAT;FLOAT;;AC3;
BATTERY_PLACEHOLDER;0xC04A5F3A;678;battery_placeholder[0].bms_software_version;UINT32;UINT32;;Software version BMS Master;
BATTERY;0xC0680302;679;battery.cells_stat[2].t_min.time;UINT32;UINT32;;;
NSM;0xC07E02CE;680;nsm.q_u_sel;ENUM;ENUM;;Voltage selection;
NET;0xC0A7074F;681;net.slave_data;UNKNOWN;UNKNOWN;;;
DB;0xC0B7C4D2;682;db.power_board.afi_t30;FLOAT;FLOAT;s;AFI 30 mA switching off time;
ENERGY;0xC0CC81B6;683;energy.e_ac_year;FLOAT;FLOAT;Wh;Year energy;
BATTERY;0xC0DF2978;684;battery.cycles;INT32;INT32;;Battery charge / discharge cycles;
G_SYNC;0xC198B25B;685;g_sync.u_zk_p_avg;FLOAT;FLOAT;V;Positive buffer capacitor voltage;
HW_TEST;0xC1C82889;686;hw_test.bt_power[1];FLOAT;FLOAT;;;
DISPLAY_STRUCT;0xC1D051EC;687;display_struct.variate_contrast;UINT8;UINT8;;Display pixel test mode;
DB;0xC24E85D0;688;db.core_temp;FLOAT;FLOAT;°C;Core temperature;
NSM;0xC3352B17;689;nsm.rpm;ENUM;ENUM;;Reactive power mode;0=Off|1=Const cos(phi)|2=Const Q|3=cos(phi)(P)|4=Q(U)
OTHERS;0xC36675D4;690;i_ac_max_set;FLOAT;FLOAT;A;Maximum AC throttle current;
OTHERS;0xC3A3F070;691;i_ac_extern_connected;BOOL;BOOL;;Current sensors detected;
HW_TEST;0xC3C7325E;692;hw_test.bt_time[4];FLOAT;FLOAT;;;
PARTITION;0xC3DD7850;693;partition[6].last_id;INT32;INT32;;;
PRIM_SM;0xC40D5688;694;prim_sm.state_source;UINT32;UINT32;;;
BATTERY;0xC42F5807;695;battery.cells_stat[1].u_max.index;UINT8;UINT8;;;
NSM;0xC46E9CA4;696;nsm.u_lock_out;FLOAT;FLOAT;V;Cos phi(P) lock out voltage;
PRIM_SM;0xC4D87E96;697;prim_sm.island_retrials;UINT16;UINT16;;Island trials counter;
FRT;0xC4FA4E33;698;frt.u_min[1];FLOAT;FLOAT;V;Point 2 voltage;
LOGGER;0xC55EF32E;699;logger.year_egrid_load_log_ts;INT32;TIMESERIES;;;
BATTERY_PLACEHOLDER;0xC56A1346;700;battery_placeholder[0].cells_stat[4].t_max.index;UINT8;UINT8;;;
ACC_CONV;0xC642B9D6;701;acc_conv.i_discharge_max;FLOAT;FLOAT;A;Max. battery converter discharge current;
BATTERY_PLACEHOLDER;0xC66665E8;702;battery_placeholder[0].temperature;FLOAT;FLOAT;°C;Battery temperature;
HW_TEST;0xC66A522B;703;hw_test.bt_time[1];FLOAT;FLOAT;;;
BATTERY;0xC6DA81A0;704;battery.cells_stat[6].u_max.time;UINT32;UINT32;;;
HW_TEST;0xC707102E;705;hw_test.bt_power[3];FLOAT;FLOAT;;;
BATTERY_PLACEHOLDER;0xC71155B5;706;battery_placeholder[0].cells_stat[2].t_min.index;UINT8;UINT8;;;
ISO_STRUCT;0xC717D1FB;707;iso_struct.Riso;FLOAT;FLOAT;Ohm;Total insulation resistance;
POWER_MNG;0xC7459513;708;power_mng.force_inv_class;ENUM;ENUM;;Change inverter class;0=take from serial number|1=power inverter|2=power storage
IO_BOARD;0xC7605E16;709;io_board.s0_sum;FLOAT;FLOAT;;;
ENERGY;0xC7D3B479;710;energy.e_load_year;FLOAT;FLOAT;Wh;Household year energy;
BATTERY_PLACEHOLDER;0xC7E85F32;711;battery_placeholder[0].cells_stat[4].t_max.time;UINT32;UINT32;;;
BATTERY;0xC8609C8E;712;battery.cells[3];BATTERY_MODULE_STATUS;BATTERY_MODULE_STATUS;;;
BATTERY;0xC88EB032;713;battery.cells_stat[0].u_min.time;UINT32;UINT32;;;
BATTERY;0xC8BA1729;714;battery.stack_software_version[2];UINT32;UINT32;;Software version stack 2;
BATTERY_PLACEHOLDER;0xC8E56803;715;battery_placeholder[0].maximum_charge_voltage;FLOAT;FLOAT;V;Max. charge voltage;
BATTERY_PLACEHOLDER;0xC937D38D;716;battery_placeholder[0].stack_cycles[0];UINT16;UINT16;;;
POWER_MNG;0xC9900716;717;power_mng.is_island_only;BOOL;BOOL;;Island without power switch support;
ENERGY;0xC9D76279;718;energy.e_dc_day_sum[0];FLOAT;FLOAT;;;
BATTERY_PLACEHOLDER;0xCA4E0C03;719;battery_placeholder[0].cells_stat[5].u_max.time;UINT32;UINT32;;;
LOGGER;0xCA6D6472;720;logger.day_eload_log_ts;INT32;TIMESERIES;;;
G_SYNC;0xCABC44CA;721;g_sync.s_ac[0];FLOAT;FLOAT;VA;Apparent power phase 1;
IO_BOARD;0xCB1B3B10;722;io_board.io2_s0_min_duration;FLOAT;FLOAT;s;Minimum S0 signal duration on I/O 2;
FRT;0xCB78F611;723;frt.t_max[1];FLOAT;FLOAT;s;Point 2 time;
BATTERY_PLACEHOLDER;0xCB85C397;724;battery_placeholder[0].cells_stat[3].u_min.value;FLOAT;FLOAT;;;
NSM;0xCB9E1E6C;725;nsm.Q_const;FLOAT;FLOAT;var;Q constant value (positive = overexcited);
BATTERY_PLACEHOLDER;0xCBBEEB21;726;battery_placeholder[0].cells_stat[2].u_max.time;UINT32;UINT32;;;
LOGGER;0xCBDAD315;727;logger.minutes_ebat_log_ts;INT32;TIMESERIES;;;
HW_TEST;0xCBEC8200;728;hw_test.timer2;FLOAT;FLOAT;;;
NSM;0xCCB51399;729;nsm.q_u_max_u_low;FLOAT;FLOAT;var;Qmax at lower voltage level (positive = overexcited);
BATTERY_PLACEHOLDER;0xCD8EDAD3;730;battery_placeholder[0].cells_stat[3].t_min.value;FLOAT;FLOAT;;;
POWER_MNG;0xCE266F0F;731;power_mng.soc_min;FLOAT;FLOAT;;Min SOC target;
BATTERY_PLACEHOLDER;0xCE49EB86;732;battery_placeholder[0].cells_stat[2].t_max.index;UINT8;UINT8;;;
PRIM_SM;0xCF005C54;733;prim_sm.phase_3_mode;BOOL;BOOL;;;
G_SYNC;0xCF053085;734;g_sync.u_l_rms[0];FLOAT;FLOAT;V;AC voltage phase 1;
BATTERY_PLACEHOLDER;0xCF096A6B;735;battery_placeholder[0].stack_software_version[4];UINT32;UINT32;;Software version stack 4;
BATTERY;0xD0C47326;736;battery.cells_stat[1].t_min.value;FLOAT;FLOAT;;;
CAN_BUS;0xD143A391;737;can_bus.set_cell_v_t;UINT32;UINT32;;;
FLASH_RTC;0xD166D94D;738;flash_rtc.time_stamp;UINT32;UINT32;;Actual date/time;
POWER_MNG;0xD197CBE0;739;power_mng.stop_charge_current;FLOAT;FLOAT;A;Stop charge current;
POWER_MNG;0xD1DFC969;740;power_mng.soc_target_set;FLOAT;FLOAT;;Force SOC target;
BATTERY_PLACEHOLDER;0xD1F9D017;741;battery_placeholder[0].cells_stat[4].u_min.time;UINT32;UINT32;;;
BATTERY_PLACEHOLDER;0xD2DEA4B1;742;battery_placeholder[0].cells_stat[5].t_min.index;UINT8;UINT8;;;
NET;0xD3085D80;743;net.soc_av;FLOAT;FLOAT;;;
LOGGER;0xD3E94E6B;744;logger.minutes_temp_bat_log_ts;INT32;TIMESERIES;°C;;
BATTERY_PLACEHOLDER;0xD3F492EB;745;battery_placeholder[0].cells_stat[0].t_max.time;UINT32;UINT32;;;
CS_MAP;0xD451EF88;746;cs_map[2];UINT8;UINT8;;Associate current sensor 2 with phase L;
IO_BOARD;0xD45913EC;747;io_board.rse_table[13];FLOAT;FLOAT;;K4..K1: 1101;
HW_TEST;0xD4C4A941;748;hw_test.bt_time[7];FLOAT;FLOAT;;;
NET;0xD5205A45;749;net.slave_timeout;FLOAT;FLOAT;;;
FRT;0xD536E7E9;750;frt.u_max[1];FLOAT;FLOAT;V;Point 2 voltage;
PARTITION;0xD5567470;751;partition[4].last_id;INT32;INT32;;;
WIFI;0xD5790CE1;752;wifi.use_wifi;BOOL;BOOL;;Enable Wi-Fi Access Point;
NSM;0xD580567B;753;nsm.u_lock_in;FLOAT;FLOAT;V;Cos phi(P) lock in voltage;
BATTERY;0xD60E7A2F;754;battery.cells_stat[1].u_min.time;UINT32;UINT32;;;
BATTERY_PLACEHOLDER;0xD81471DF;755;battery_placeholder[0].cells_stat[6].t_max.value;FLOAT;FLOAT;;;
BATTERY_PLACEHOLDER;0xD82F2D0B;756;battery_placeholder[0].cells_stat[3].u_min.index;UINT8;UINT8;;;
WIFI;0xD83DC6AC;757;wifi.server_port;INT32;INT32;;;
BATTERY_PLACEHOLDER;0xD876A4AC;758;battery_placeholder[0].cells_stat[0].u_min.index;UINT8;UINT8;;;
NSM;0xD884AF95;759;nsm.pf_desc_grad;FLOAT;FLOAT;P/(Pn*s);Power decrease gradient for P(f) mode;
ENERGY;0xD9D66B76;760;energy.e_grid_load_year_sum;FLOAT;FLOAT;;;
GRID_LT;0xD9E721A5;761;grid_lt.timeframe;FLOAT;FLOAT;;Timeframe;
ACC_CONV;0xD9F9F35B;762;acc_conv.state_slow;UINT8;UINT8;;;
ENERGY;0xDA207111;763;energy.e_grid_load_month_sum;FLOAT;FLOAT;;;
OTHERS;0xDABD323E;764;osci_struct.error;INT16;INT16;;Communication error;
IO_BOARD;0xDAC7DD86;765;io_board.p_rse_desc_grad;FLOAT;FLOAT;P/Pn/s;Power descent gradient;
DC_CONV;0xDB11855B;766;dc_conv.dc_conv_struct[0].p_dc_lp;FLOAT;FLOAT;W;Solar generator A power;
G_SYNC;0xDB2D69AE;767;g_sync.p_ac_sum_lp;FLOAT;FLOAT;W;AC power;
DC_CONV;0xDB45ABD0;768;dc_conv.dc_conv_struct[0].rescan_correction;FLOAT;FLOAT;V;Last global rescan MPP correction on input A;
NET;0xDB62DCB7;769;net.n_devices;UINT8;UINT8;;;
POWER_MNG;0xDC667958;770;power_mng.state;UINT8;UINT8;;Battery state machine;
G_SYNC;0xDCA1CF26;771;g_sync.s_ac_sum_lp;FLOAT;FLOAT;VA;Apparent power;
G_SYNC;0xDCAC0EA9;772;g_sync.i_dr_lp[1];FLOAT;FLOAT;A;Current phase 2 (average);
BATTERY;0xDD5930A2;773;battery.cells_stat[0].t_min.index;UINT8;UINT8;;;
FLASH_RTC;0xDD90A328;774;flash_rtc.time_stamp_update;UINT32;UINT32;;Last update date;
OTHERS;0xDDD1C2D0;775;svnversion;STRING;STRING;;Control software version;
ENERGY;0xDE17F021;776;energy.e_grid_load_year;FLOAT;FLOAT;Wh;Year energy grid load;
BAT_MNG_STRUCT;0xDE68F62D;777;bat_mng_struct.profile_pext;STRING;STRING;;;
BATTERY;0xDE9CBCB0;778;battery.cells_stat[5].t_max.value;FLOAT;FLOAT;;;
BATTERY;0xDEE1957F;779;battery.cells_resist[4];BATTERY_MODULE_RESISTANCE;BATTERY_MODULE_RESISTANCE;;;
BATTERY;0xDF0A735C;780;battery.maximum_discharge_current;FLOAT;FLOAT;A;Max. discharge current;
BAT_MNG_STRUCT;0xDF6EA121;781;bat_mng_struct.profile_pdc;STRING;STRING;;;
DB;0xDFB53AF3;782;db.power_board.Current_Mean_Mean_AC;FLOAT;FLOAT;;;
BATTERY;0xDFF966E3;783;battery.cells_stat[6].t_min.index;UINT8;UINT8;;;
LOGGER;0xE04C3900;784;logger.day_eac_log_ts;INT32;TIMESERIES;;;
CS_MAP;0xE0E16E63;785;cs_map[0];UINT8;UINT8;;Associate current sensor 0 with phase L;
OTHERS;0xE14B8679;786;i_dc_slow_max;FLOAT;FLOAT;A;Max. slow DC-component of Iac;
BATTERY_PLACEHOLDER;0xE14F1CBA;787;battery_placeholder[0].cells_stat[4];STRING;STRING;;;
BATTERY_PLACEHOLDER;0xE19C8B79;788;battery_placeholder[0].cells_resist[1];STRING;STRING;;;
FRT;0xE1F49459;789;frt.t_min[2];FLOAT;FLOAT;s;Point 3 time;
POWER_MNG;0xE24B00BD;973;power_mng.schedule[7]??;STRING;STRING;;;
POWER_MNG;0xE24B00BD;790;power_mng.schedule[1];STRING;STRING;;;
NSM;0xE271C6D2;791;nsm.u_q_u[2];FLOAT;FLOAT;V;High voltage min. point;
LOGGER;0xE29C24EB;792;logger.minutes_eac3_log_ts;INT32;TIMESERIES;;;
PRIM_SM;0xE31F8B17;793;prim_sm.Uzk_pump_grad[0];FLOAT;FLOAT;W;start power;
ACC_CONV;0xE3F4D1DF;794;acc_conv.i_max;FLOAT;FLOAT;A;Max. battery converter current;
NSM;0xE49BE3ED;795;nsm.pf_rise_grad;FLOAT;FLOAT;P/(Pn*s);Power increase gradient after P(f) restriction;
LOGGER;0xE4DC040A;796;logger.month_eext_log_ts;INT32;TIMESERIES;;;
IO_BOARD;0xE52B89FA;798;io_board.home_relay_off_threshold;FLOAT;FLOAT;W;Switching off threshold;
LOGGER;0xE5FBCC6F;799;logger.year_eload_log_ts;INT32;TIMESERIES;;;
HW_TEST;0xE6248312;800;hw_test.bt_power[8];FLOAT;FLOAT;;;
BATTERY_PLACEHOLDER;0xE635A6C4;801;battery_placeholder[0].module_sn[2];STRING;STRING;;Module 2 Serial Number;
FLASH_PARAM;0xE63A3529;802;flash_result;UINT16;UINT16;;Flash result;
OTHERS;0xE6AC95E5;605;phase_shift_threshold;UINT32;UINT32;;Detection threshold;
NSM;0xE6F1CB83;803;nsm.pu_ts;FLOAT;FLOAT;s;Time const for filter;
BATTERY;0xE7177DEE;804;battery.cells_stat[2].u_max.value;FLOAT;FLOAT;;;
BATTERY;0xE7B0E692;805;battery.bat_impedance.impedance_fine;FLOAT;FLOAT;;Battery circuit impedance;
BATTERY_PLACEHOLDER;0xE87B1F4B;806;battery_placeholder[0].cells_stat[0].u_min.value;FLOAT;FLOAT;;;
G_SYNC;0xE94C2EFC;807;g_sync.q_ac[0];FLOAT;FLOAT;var;Reactive power phase 1;
NSM;0xE952FF2D;808;nsm.q_u_max_u_low_rel;FLOAT;FLOAT;;Qmax at lower voltage level relative to Smax (positive = overexcited);
IO_BOARD;0xE96F1844;809;io_board.s0_external_power;FLOAT;FLOAT;;;
POWER_MNG;0xE9BBF6E4;810;power_mng.amp_hours_measured;FLOAT;FLOAT;Ah;Measured battery capacity;
BATTERY_PLACEHOLDER;0xEA399EA8;811;battery_placeholder[0].min_cell_voltage;FLOAT;FLOAT;;;
BATTERY;0xEA77252E;812;battery.minimum_discharge_voltage_constant_u;FLOAT;FLOAT;V;Min. discharge voltage;
ENERGY;0xEAEEB3CA;813;energy.e_dc_month_sum[0];FLOAT;FLOAT;;;
BATTERY;0xEB4C2597;814;battery.cells_resist[6];BATTERY_MODULE_RESISTANCE;BATTERY_MODULE_RESISTANCE;;;
NSM;0xEB7773BF;815;nsm.p_u[1][1];FLOAT;FLOAT;V;Point 2 voltage;
BATTERY_PLACEHOLDER;0xEB7BCB93;816;battery_placeholder[0].bms_sn;STRING;STRING;;BMS Serial Number;
OTHERS;0xEBC62737;817;android_description;STRING;STRING;;Device name;
GRID_MON;0xEBF7A4E8;818;grid_mon[0].f_over.threshold;FLOAT;FLOAT;Hz;Max. frequency level 1;
SWITCH_ON_COND;0xECABB6CF;819;switch_on_cond.test_time;FLOAT;FLOAT;;Test time;
NSM;0xEE049B1F;820;nsm.pf_hysteresis;BOOL;BOOL;;Hysteresis mode;
BATTERY;0xEEA3F59B;821;battery.stack_software_version[5];UINT32;UINT32;;Software version stack 5;
BATTERY_PLACEHOLDER;0xEEC44AA0;822;battery_placeholder[0].cells_stat[2].u_min.index;UINT8;UINT8;;;
BATTERY;0xEECDFEFC;823;battery.cells_stat[2].u_min.value;FLOAT;FLOAT;;;
GRID_MON;0xEF89568B;824;grid_mon[0].u_under.time;FLOAT;FLOAT;s;Min. voltage switch-off time level 1;
BATTERY;0xEFD3EC8A;825;battery.cells_stat[5].t_min.time;UINT32;UINT32;;;
ENERGY;0xEFF4B537;826;energy.e_load_total;FLOAT;FLOAT;Wh;Household total energy;
BATTERY;0xF044EDA0;828;battery.cells_stat[3].t_max.value;FLOAT;FLOAT;;;
DB;0xF0527539;829;db.power_board.adc_p3V3_meas;FLOAT;FLOAT;;;
GRID_MON;0xF09CC4A2;830;grid_mon[1].u_over.time;FLOAT;FLOAT;s;Max. voltage switch-off time level 2;
BAT_MNG_STRUCT;0xF0A03A20;831;bat_mng_struct.k;FLOAT;FLOAT;;Forecast correction;
G_SYNC;0xF0B436DD;832;g_sync.p_ac_load[2];FLOAT;FLOAT;W;Load household phase 3;
ENERGY;0xF0BE6429;833;energy.e_load_month;FLOAT;FLOAT;Wh;Household month energy;
POWER_MNG;0xF1342795;834;power_mng.stop_discharge_current;FLOAT;FLOAT;A;Stop discharge current;
POWER_MNG;0xF168B748;835;power_mng.soc_strategy;ENUM;ENUM;;SOC target selection;0=SOC target = SOC|1=Constant|2=External|3=Middle battery voltage|4=Internal|5=Schedule
BATTERY_PLACEHOLDER;0xF1DE6E99;836;battery_placeholder[0].cells_resist[3];STRING;STRING;;;
GRID_MON;0xF1FA5BB9;837;grid_mon[1].f_under.time;FLOAT;FLOAT;s;Min. frequency switch-off time level 2;
BATTERY_PLACEHOLDER;0xF23D4595;838;battery_placeholder[0].cells_stat[1].t_min.value;FLOAT;FLOAT;;;
NSM;0xF2405AC6;839;nsm.p_limit;FLOAT;FLOAT;W;Max. grid power;
DISPLAY_STRUCT;0xF247BB16;840;display_struct.contrast;UINT8;UINT8;;Display contrast;
NSM;0xF25591AA;841;nsm.cos_phi_p[3][0];FLOAT;FLOAT;P/Pn;Point 4;
BATTERY;0xF257D342;842;battery.cells_stat[1].t_max.value;FLOAT;FLOAT;;;
G_SYNC;0xF25C339B;843;g_sync.u_ptp_rms[2];FLOAT;FLOAT;V;Phase to phase voltage 3;
LOGGER;0xF28341E2;844;logger.month_eac_log_ts;INT32;TIMESERIES;;;
OTHERS;0xF2BE0C9C;845;p_buf_available;FLOAT;FLOAT;W;Available buffer power;
POWER_MNG;0xF393B7B0;846;power_mng.calib_charge_power;FLOAT;FLOAT;W;Calibration charge power;
NSM;0xF3FD6C4C;847;nsm.pf_use_p_max;BOOL;BOOL;;By over-frequency in P(f) use Pmax instead of Pmom (instant P).;
BATTERY;0xF3FD8CE6;848;battery.cells_resist[2];BATTERY_MODULE_RESISTANCE;BATTERY_MODULE_RESISTANCE;;;
IO_BOARD;0xF42D4DD0;849;io_board.alarm_home_value;ENUM;ENUM;;Evaluated value;0=Pgrid|1=Pgrid + Pbat charge
BATTERY_PLACEHOLDER;0xF451E935;850;battery_placeholder[0].cells_stat[0].t_min.time;UINT32;UINT32;;;
BUF_V_CONTROL;0xF473BC5E;851;buf_v_control.power_reduction_max_solar_grid;FLOAT;FLOAT;W;Max. allowed grid feed-in power;
NSM;0xF49F58F2;852;nsm.p_u[2][1];FLOAT;FLOAT;V;Point 3 voltage;
POWER_MNG;0xF52C0B50;969;power_mng.schedule[4]??;STRING;STRING;;;
POWER_MNG;0xF52C0B50;853;power_mng.schedule[7];STRING;STRING;;;
BATTERY;0xF54BC06D;854;battery.cells_stat[4].u_max.value;FLOAT;FLOAT;;;
G_SYNC;0xF5584F90;855;g_sync.p_ac_sc[1];FLOAT;FLOAT;W;Grid power phase 2;
BAT_MNG_STRUCT;0xF644DCA7;856;bat_mng_struct.k_reserve;FLOAT;FLOAT;;Main reservation coefficient [0..2];
BATTERY_PLACEHOLDER;0xF677D737;857;battery_placeholder[0].cells_stat[6].u_max.time;UINT32;UINT32;;;
BATTERY_PLACEHOLDER;0xF68ECC1F;858;battery_placeholder[0].cells_stat[1].u_max.time;UINT32;UINT32;;;
NSM;0xF6A85818;859;nsm.f_entry;FLOAT;FLOAT;Hz;Entry frequency for P(f) over-frequency mode;
BATTERY_PLACEHOLDER;0xF742C6BA;860;battery_placeholder[0].cells_stat[1].u_max.index;UINT8;UINT8;;;
LOGGER;0xF76DE445;861;logger.minutes_temp_log_ts;INT32;TIMESERIES;°C;;
DB;0xF79D41D9;862;db.temp1;FLOAT;FLOAT;°C;Heat sink temperature;
DC_CONV;0xF87A2A1E;863;dc_conv.last_rescan;UINT32;UINT32;;Last global rescan;
BATTERY;0xF8C0D255;864;battery.cells[0];BATTERY_MODULE_STATUS;BATTERY_MODULE_STATUS;;;
WIFI;0xF8DECCE6;865;wifi.connected_ap_ssid;STRING;STRING;;WiFi associated AP;
BATTERY;0xF99E8CC8;866;battery.cells_stat[6];BATTERY_MODULE_STATISTICS;BATTERY_MODULE_STATISTICS;;;
WIFI;0xF9FD0D61;867;wifi.service_ip;STRING;STRING;;Server to connect to to wait for commands, usually used by the vendor service personell;
BATTERY;0xFA3276DC;868;battery.cells_stat[3].t_min.time;UINT32;UINT32;;;
IO_BOARD;0xFA7DB323;869;io_board.check_s0_result;UINT16;UINT16;;;
NSM;0xFAA837C8;870;nsm.f_low_rise_grad;FLOAT;FLOAT;1/Pn*Hz;Power rise gradient for P(f) under-frequency mode without battery;
RB485;0xFAE429C5;871;rb485.f_grid[1];FLOAT;FLOAT;Hz;Grid phase 2 frequency;
BAT_MNG_STRUCT;0xFB57BA65;872;bat_mng_struct.count;STRING;STRING;;;
PRIM_SM;0xFB5DE9C5;873;prim_sm.minigrid_flag;BOOL;BOOL;;Minigrid support;
BATTERY;0xFB796780;874;battery.cells_stat[1];BATTERY_MODULE_STATISTICS;BATTERY_MODULE_STATISTICS;;;
POWER_MNG;0xFBD94C1F;875;power_mng.amp_hours;FLOAT;FLOAT;Ah;Battery energy;
ENERGY;0xFBF3CE97;876;energy.e_dc_day[1];FLOAT;FLOAT;Wh;Solar generator B day energy;
BATTERY;0xFBF6D834;877;battery.module_sn[0];STRING;STRING;;Module 0 Serial Number;
ENERGY;0xFBF8D63C;878;energy.e_grid_load_day_sum;FLOAT;FLOAT;;;
ENERGY;0xFC1C614E;879;energy.e_ac_month_sum;FLOAT;FLOAT;;;
BATTERY_PLACEHOLDER;0xFC1F8C65;880;battery_placeholder[0].cells_stat[6].t_max.time;UINT32;UINT32;;;
BAT_MNG_STRUCT;0xFC5AA529;881;bat_mng_struct.bat_calib_soc_threshold;FLOAT;FLOAT;;SOC threshold for battery calibration in advance;
ENERGY;0xFC724A9E;882;energy.e_dc_total[0];FLOAT;FLOAT;Wh;Solar generator A total energy;
BATTERY_PLACEHOLDER;0xFCA1CBB5;883;battery_placeholder[0].voltage;FLOAT;FLOAT;V;Battery voltage;
NSM;0xFCC39293;884;nsm.rpm_lock_in_power;FLOAT;FLOAT;P/Pn;Reactive Power Mode lock-in power;
LOGGER;0xFCF4E78D;885;logger.day_ea_log_ts;INT32;TIMESERIES;;;
GRID_MON;0xFD4F17C4;886;grid_mon[1].f_over.time;FLOAT;FLOAT;s;Max. frequency switch-off time level 2;
FRT;0xFD72CC0D;887;frt.enabled;BOOL;BOOL;;Enable FRT;
ENERGY;0xFDB81124;888;energy.e_grid_feed_day_sum;FLOAT;FLOAT;;;
BATTERY;0xFDBD9EE9;889;battery.cells_stat[3].u_max.index;UINT8;UINT8;;;
BUF_V_CONTROL;0xFE1AA500;890;buf_v_control.power_reduction;FLOAT;FLOAT;;External power reduction based on solar plant peak power [0..1];
BATTERY_PLACEHOLDER;0xFE38B227;891;battery_placeholder[0].cells_stat[5];STRING;STRING;;;
BATTERY;0xFE44BA26;892;battery.cells_stat[0].u_min.index;UINT8;UINT8;;;
DC_CONV;0xFED51BD2;893;dc_conv.dc_conv_struct[1].enabled;BOOL;BOOL;;Solar generator B connected;
WIFI;0xFF2A258B;894;wifi.server_ip;STRING;STRING;;Server to connect to to wait for commands, usually used by the vendor service personell;
